,Gene,Phenotype,Ensembl ID,Locus,Polymorphism,Allele,Uniprot ID,AA seq in fasta
0,ACE,"E,S,P",ENSG00000159640,17q23.3,"Alu I/D (rs4343 A/G or rs4341 C/G),Alu I/D (rs4343 A/G or rs4341 C/G),Alu I/D (rs4343 A/G or rs4341 C/G)","I (A or C),D (G),D (G)",P12821,"['>ENST00000290866 uniprot_id: P12821 ensembl_id: ENST00000290866 gene_name: ACE organism: Homo sapiens sequence_length: 1306', 'MGAASGRRGPGLLLPLPLLLLLPPQPALALDPGLQPGNFSADEAGAQLFAQSYNSSAEQVLFQSVAASWAHDTNITAENARRQEEAALLSQEFAEAWGQKAKELYEPIWQNFTDPQLRRIIGAVRTLGSANLPLAKRQQYNALLSNMSRIYSTAKVCLPNKTATCWSLDPDLTNILASSRSYAMLLFAWEGWHNAAGIPLKPLYEDFTALSNEAYKQDGFTDTGAYWRSWYNSPTFEDDLEHLYQQLEPLYLNLHAFVRRALHRRYGDRYINLRGPIPAHLLGDMWAQSWENIYDMVVPFPDKPNLDVTSTMLQQGWNATHMFRVAEEFFTSLELSPMPPEFWEGSMLEKPADGREVVCHASAWDFYNRKDFRIKQCTRVTMDQLSTVHHEMGHIQYYLQYKDLPVSLRRGANPGFHEAIGDVLALSVSTPEHLHKIGLLDRVTNDTESDINYLLKMALEKIAFLPFGYLVDQWRWGVFSGRTPPSRYNFDWWYLRTKYQGICPPVTRNETHFDAGAKFHVPNVTPYIRYFVSFVLQFQFHEALCKEAGYEGPLHQCDIYRSTKAGAKLRKVLQAGSSRPWQEVLKDMVGLDALDAQPLLKYFQPVTQWLQEQNQQNGEVLGWPEYQWHPPLPDNYPEGIDLVTDEAEASKFVEEYDRTSQVVWNEYAEANWNYNTNITTETSKILLQKNMQIANHTLKYGTQARKFDVNQLQNTTIKRIIKKVQDLERAALPAQELEEYNKILLDMETTYSVATVCHPNGSCLQLEPDLTNVMATSRKYEDLLWAWEGWRDKAGRAILQFYPKYVELINQAARLNGYVDAGDSWRSMYETPSLEQDLERLFQELQPLYLNLHAYVRRALHRHYGAQHINLEGPIPAHLLGNMWAQTWSNIYDLVVPFPSAPSMDTTEAMLKQGWTPRRMFKEADDFFTSLGLLPVPPEFWNKSMLEKPTDGREVVCHASAWDFYNGKDFRIKQCTTVNLEDLVVAHHEMGHIQYFMQYKDLPVALREGANPGFHEAIGDVLALSVSTPKHLHSLNLLSSEGGSDEHDINFLMKMALDKIAFIPFSYLVDQWRWRVFDGSITKENYNQEWWSLRLKYQGLCPPVPRTQGDFDPGAKFHIPSSVPYIRYFVSFIIQFQFHEALCQAAGHTGPLHKCDIYQSKEAGQRLATAMKLGFSRPWPEAMQLITGQPNMSASAMLSYFKPLLDWLRTENELHGEKLGWPQYNWTPNSARSEGPLPDSGRVSFLGLDLDAQQARVGQWLLLFLGIALLVATLGLSQRLFSIRHRSLHRHSHGPQFGSEVELRHS']"
1,ACTN3,"E,S,P",ENSG00000248746,11q13.1,"rs1815739 C/T,rs1815739 C/T,rs1815739 C/T","T,C,C",Q08043,"['>ENST00000513398 uniprot_id: Q08043 ensembl_id: ENST00000513398 gene_name: ACTN3 organism: Homo sapiens sequence_length: 901', 'MMMVMQPEGLGAGEGRFAGGGGGGEYMEQEEDWDRDLLLDPAWEKQQRKTFTAWCNSHLRKAGTQIENIEEDFRNGLKLMLLLEVISGERLPRPDKGKMRFHKIANVNKALDFIASKGVKLVSIGAEEIVDGNLKMTLGMIWTIILRFAIQDISVEETSAKEGLLLWCQRKTAPYRNVNVQNFHTSWKDGLALCALIHRHRPDLIDYAKLRKDDPIGNLNTAFEVAEKYLDIPKMLDAEDIVNTPKPDEKAIMTYVSCFYHAFAGAEQAETAANRICKVLAVNQENEKLMEEYEKLASELLEWIRRTVPWLENRVGEPSMSAMQRKLEDFRDYRRLHKPPRIQEKCQLEINFNTLQTKLRLSHRPAFMPSEGKLVSDIANAWRGLEQVEKGYEDWLLSEIRRLQRLQHLAEKFRQKASLHEAWTRGKEEMLSQRDYDSALLQEVRALLRRHEAFESDLAAHQDRVEHIAALAQELNELDYHEAASVNSRCQAICDQWDNLGTLTQKRRDALERMEKLLETIDRLQLEFARRAAPFNNWLDGAVEDLQDVWLVHSVEETQSLLTAHDQFKATLPEADRERGAIMGIQGEIQKICQTYGLRPCSTNPYITLSPQDINTKWDMVRKLVPSCDQTLQEELARQQVNERLRRQFAAQANAIGPWIQAKVEEVGRLAAGLAGSLEEQMAGLRQQEQNIINYKTNIDRLEGDHQLLQESLVFDNKHTVYSMEHIRVGWEQLLTSIARTINEVENQVLTRDAKGLSQEQLNEFRASFNHFDRKQNGMMEPDDFRACLISMGYDLGEVEFARIMTMVDPNAAGVVTFQAFIDFMTRETAETDTTEQVVASFKILAGDKNYITPEELRRELPAKQAEYCIRRMVPYKGSGAPAGALDYVAFSSALYGESDL']"
2,ADRB2,"E,P,P,E",ENSG00000169252,5q31-q32,"rs1042713 G/A,rs1042714 C/G,rs1042713 G/A,rs1042714 G/C","A,G,G,C",P07550,"['>ENST00000305988 uniprot_id: P07550 ensembl_id: ENST00000305988 gene_name: ADRB2 organism: Homo sapiens sequence_length: 413', 'MGQPGNGSAFLLAPNGSHAPDHDVTQERDEVWVVGMGIVMSLIVLAIVFGNVLVITAIAKFERLQTVTNYFITSLACADLVMGLAVVPFGAAHILMKMWTFGNFWCEFWTSIDVLCVTASIETLCVIAVDRYFAITSPFKYQSLLTKNKARVIILMVWIVSGLTSFLPIQMHWYRATHQEAINCYANETCCDFFTNQAYAIASSIVSFYVPLVIMVFVYSRVFQEAKRQLQKIDKSEGRFHVQNLSQVEQDGRTGHGLRRSSKFCLKEHKALKTLGIIMGTFTLCWLPFFIVNIVHVIQDNLIRKEVYILLNWIGYVNSGFNPLIYCRSPDFRIAFQELLCLRRSSLKAYGNGYSSNGNTGEQSGYHVEQEKENKLLCEDLPGTEDFVGHQGTVPSDNIDSQGRNCSTNDSLL']"
3,ADRB3,E,ENSG00000188778,8p11.23,rs4994 A/G,G,P13945,"['>ENST00000345060 uniprot_id: P13945 ensembl_id: ENST00000345060 gene_name: ADRB3 organism: Homo sapiens sequence_length: 408', 'MAPWPHENSSLAPWPDLPTLAPNTANTSGLPGVPWEAALAGALLALAVLATVGGNLLVIVAIAWTPRLQTMTNVFVTSLAAADLVMGLLVVPPAATLALTGHWPLGATGCELWTSVDVLCVTASIETLCALAVDRYLAVTNPLRYGALVTKRCARTAVVLVWVVSAAVSFAPIMSQWWRVGADAEAQRCHSNPRCCAFASNMPYVLLSSSVSFYLPLLVMLFVYARVFVVATRQLRLLRGELGRFPPEESPPAPSRSLAPAPVGTCAPPEGVPACGRRPARLLPLREHRALCTLGLIMGTFTLCWLPFFLANVLRALGGPSLVPGPAFLALNWLGYANSAFNPLIYCRSPDFRSAFRRLLCRCGRRLPPEPCAAARPALFPSGVPAARSSPAQPRLCQRLDGASWGVS']"
4,AGTR2,"E,P",ENSG00000180772,Xq22-q23,"rs11091046 A/C,rs11091046 A/C","C,A",P50052,"['>ENST00000371906 uniprot_id: P50052 ensembl_id: ENST00000371906 gene_name: AGTR2 organism: Homo sapiens sequence_length: 363', 'MKGNSTLATTSKNITSGLHFGLVNISGNNESTLNCSQKPSDKHLDAIPILYYIIFVIGFLVNIVVVTLFCCQKGPKKVSSIYIFNLAVADLLLLATLPLWATYYSYRYDWLFGPVMCKVFGSFLTLNMFASIFFITCMSVDRYQSVIYPFLSQRRNPWQASYIVPLVWCMACLSSLPTFYFRDVRTIEYLGVNACIMAFPPEKYAQWSAGIALMKNILGFIIPLIFIATCYFGIRKHLLKTNSYGKNRITRDQVLKMAAAVVLAFIICWLPFHVLTFLDALAWMGVINSCEVIAVIDLALPFAILLGFTNSCVNPFLYCFVGNRFQQKLRSVFRVPITWLQGKRESMSCRKSSSLREMETFVS']"
5,AQP1,E,ENSG00000240583,7p14,rs1049305 C/G,C,P29972,"['>ENST00000311813 uniprot_id: P29972 ensembl_id: ENST00000311813 gene_name: AQP1 organism: Homo sapiens sequence_length: 269', 'MASEFKKKLFWRAVVAEFLATTLFVFISIGSALGFKYPVGNNQTAVQDNVKVSLAFGLSIATLAQSVGHISGAHLNPAVTLGLLLSCQISIFRALMYIIAQCVGAIVATAILSGITSSLTGNSLGRNDLADGVNSGQGLGIEIIGTLQLVLCVLATTDRRRRDLGGSAPLAIGLSVALGHLLAIDYTGCGINPARSFGSAVITHNFSNHWIFWVGPFIGGALAVLIYDFILAPRSSDLTDRVKVWTSGQVEEYDLDADDINSRVEMKPK']"
6,AMPD1,"E,P",ENSG00000116748,1p13,"rs17602729 C/T,rs17602729 C/T","C,C",P23109,"['>ENST00000520113 uniprot_id: P23109 ensembl_id: ENST00000520113 gene_name: AMPD1 organism: Homo sapiens sequence_length: 747', 'MPLFKLPAEEKQIDDAMRNFAEKVFASEVKDEGGRQEISPFDVDEICPISHHEMQAHIFHLETLSTSTEARRKKRFQGRKTVNLSIPLSETSSTKLSHIDEYISSSPTYQTVPDFQRVQITGDYASGVTVEDFEIVCKGLYRALCIREKYMQKSFQRFPKTPSKYLRNIDGEAWVANESFYPVFTPPVKKGEDPFRTDNLPENLGYHLKMKDGVVYVYPNEAAVSKDEPKPLPYPNLDTFLDDMNFLLALIAQGPVKTYTHRRLKFLSSKFQVHQMLNEMDELKELKNNPHRDFYNCRKVDTHIHAAACMNQKHLLRFIKKSYQIDADRVVYSTKEKNLTLKELFAKLKMHPYDLTVDSLDVHAGRQTFQRFDKFNDKYNPVGASELRDLYLKTDNYINGEYFATIIKEVGADLVEAKYQHAEPRLSIYGRSPDEWSKLSSWFVCNRIHCPNMTWMIQVPRIYDVFRSKNFLPHFGKMLENIFMPVFEATINPQADPELSVFLKHITGFDSVDDESKHSGHMFSSKSPKPQEWTLEKNPSYTYYAYYMYANIMVLNSLRKERGMNTFLFRPHCGEAGALTHLMTAFMIADDISHGLNLKKSPVLQYLFFLAQIPIAMSPLSNNSLFLEYAKNPFLDFLQKGLMISLSTDDPMQFHFTKEPLMEEYAIAAQVFKLSTCDMCEVARNSVLQCGISHEEKVKFLGDNYLEEGPAGNDIRRTNVAQIRMAYRYETWCYELNLIAEGLKSTE']"
7,BDKRB2,E,ENSG00000168398,14q32.1-q32.2,+9/−9 (exon 1),–9,P30411,"['>ENST00000554311 uniprot_id: P30411 ensembl_id: ENST00000554311 gene_name: BDKRB2 organism: Homo sapiens sequence_length: 391', 'MFSPWKISMFLSVREDSVPTTASFSADMLNVTLQGPTLNGTFAQSKCPQVEWLGWLNTIQPPFLWVLFVLATLENIFVLSVFCLHKSSCTVAEIYLGNLAAADLILACGLPFWAITISNNFDWLFGETLCRVVNAIISMNLYSSICFLMLVSIDRYLALVKTMSMGRMRGVRWAKLYSLVIWGCTLLLSSPMLVFRTMKEYSDEGHNVTACVISYPSLIWEVFTNMLLNVVGFLLPLSVITFCTMQIMQVLRNNEMQKFKEIQTERRATVLVLVVLLLFIICWLPFQISTFLDTLHRLGILSSCQDERIIDVITQIASFMAYSNSCLNPLVYVIVGKRFRKKSWEVYQGVCQKGGCRSEPIQMENSMGTLRTSISVERQIHKLQDWAGSRQ']"
8,CDKN1A,"E,P",ENSG00000124762,6p21.2,"rs236448 A/C,rs236448 A/C","A,C",P38936,"['>ENST00000244741 uniprot_id: P38936 ensembl_id: ENST00000244741 gene_name: CDKN1A organism: Homo sapiens sequence_length: 164', 'MSEPAGDVRQNPCGSKACRRLFGPVDSEQLSRDCDALMAGCIQEARERWNFDFVTETPLEGDFAWERVRGLGLPKLYLPTGPRRGRDELGGGRRPGTSPALLQGTAEEDHVDLSLSCTLVPRSGEQAEGSPGGPGDSQGRKRRQTSMTDFYHSKRRLIFSKRKP']"
9,CKM,"E,S,P",ENSG00000104879,19q13.32,"rs8111989 A/G,rs8111989 A/G,rs8111989 A/G","A,G,G",P06732,"['>ENST00000221476 uniprot_id: P06732 ensembl_id: ENST00000221476 gene_name: CKM organism: Homo sapiens sequence_length: 381', 'MPFGNTHNKFKLNYKPEEEYPDLSKHNNHMAKVLTLELYKKLRDKETPSGFTVDDVIQTGVDNPGHPFIMTVGCVAGDEESYEVFKELFDPIISDRHGGYKPTDKHKTDLNHENLKGGDDLDPNYVLSSRVRTGRSIKGYTLPPHCSRGERRAVEKLSVEALNSLTGEFKGKYYPLKSMTEKEQQQLIDDHFLFDKPVSPLLLASGMARDWPDARGIWHNDNKSFLVWVNEEDHLRVISMEKGGNMKEVFRRFCVGLQKIEEIFKKAGHPFMWNQHLGYVLTCPSNLGTGLRGGVHVKLAHLSKHPKFEEILTRLRLQKRGTGGVDTAAVGSVFDVSNADRLGSSEVEQVQLVVDGVKLMVEMEKKLEKGQSIDDMIPAQK']"
10,COL5A1,E,ENSG00000130635,9q34.2-q34.3,rs12722 C/T,T,P20908,"['>ENST00000371817 uniprot_id: P20908 ensembl_id: ENST00000371817 gene_name: COL5A1 organism: Homo sapiens sequence_length: 1838', 'MDVHTRWKARSALRPGAPLLPPLLLLLLWAPPPSRAAQPADLLKVLDFHNLPDGITKTTGFCATRRSSKGPDVAYRVTKDAQLSAPTKQLYPASAFPEDFSILTTVKAKKGSQAFLVSIYNEQGIQQIGLELGRSPVFLYEDHTGKPGPEDYPLFRGINLSDGKWHRIALSVHKKNVTLILDCKKKTTKFLDRSDHPMIDINGIIVFGTRILDEEVFEGDIQQLLFVSDHRAAYDYCEHYSPDCDTAVPDTPQSQDPNPDEYYTEGDGEGETYYYEYPYYEDPEDLGKEPTPSKKPVEAAKETTEVPEELTPTPTEAAPMPETSEGAGKEEDVGIGDYDYVPSEDYYTPSPYDDLTYGEGEENPDQPTDPGAGAEIPTSTADTSNSSNPAPPPGEGADDLEGEFTEETIRNLDENYYDPYYDPTSSPSEIGPGMPANQDTIYEGIGGPRGEKGQKGEPAIIEPGMLIEGPPGPEGPAGLPGPPGTMGPTGQVGDPGERGPPGRPGLPGADGLPGPPGTMLMLPFRFGGGGDAGSKGPMVSAQESQAQAILQQARLALRGPAGPMGLTGRPGPVGPPGSGGLKGEPGDVGPQGPRGVQGPPGPAGKPGRRGRAGSDGARGMPGQTGPKGDRGFDGLAGLPGEKGHRGDPGPSGPPGPPGDDGERGDDGEVGPRGLPGEPGPRGLLGPKGPPGPPGPPGVTGMDGQPGPKGNVGPQGEPGPPGQQGNPGAQGLPGPQGAIGPPGEKGPLGKPGLPGMPGADGPPGHPGKEGPPGEKGGQGPPGPQGPIGYPGPRGVKGADGIRGLKGTKGEKGEDGFPGFKGDMGIKGDRGEIGPPGPRGEDGPEGPKGRGGPNGDPGPLGPPGEKGKLGVPGLPGYPGRQGPKGSIGFPGFPGANGEKGGRGTPGKPGPRGQRGPTGPRGERGPRGITGKPGPKGNSGGDGPAGPPGERGPNGPQGPTGFPGPKGPPGPPGKDGLPGHPGQRGETGFQGKTGPPGPPGVVGPQGPTGETGPMGERGHPGPPGPPGEQGLPGLAGKEGTKGDPGPAGLPGKDGPPGLRGFPGDRGLPGPVGALGLKGNEGPPGPPGPAGSPGERGPAGAAGPIGIPGRPGPQGPPGPAGEKGAPGEKGPQGPAGRDGLQGPVGLPGPAGPVGPPGEDGDKGEIGEPGQKGSKGDKGEQGPPGPTGPQGPIGQPGPSGADGEPGPRGQQGLFGQKGDEGPRGFPGPPGPVGLQGLPGPPGEKGETGDVGQMGPPGPPGPRGPSGAPGADGPQGPPGGIGNPGAVGEKGEPGEAGEPGLPGEGGPPGPKGERGEKGESGPSGAAGPPGPKGPPGDDGPKGSPGPVGFPGDPGPPGEPGPAGQDGPPGDKGDDGEPGQTGSPGPTGEPGPSGPPGKRGPPGPAGPEGRQGEKGAKGEAGLEGPPGKTGPIGPQGAPGKPGPDGLRGIPGPVGEQGLPGSPGPDGPPGPMGPPGLPGLKGDSGPKGEKGHPGLIGLIGPPGEQGEKGDRGLPGPQGSSGPKGEQGITGPSGPIGPPGPPGLPGPPGPKGAKGSSGPTGPKGEAGHPGPPGPPGPPGEVIQPLPIQASRTRRNIDASQLLDDGNGENYVDYADGMEEIFGSLNSLKLEIEQMKRPLGTQQNPARTCKDLQLCHPDFPDGEYWVDPNQGCSRDSFKVYCNFTAGGSTCVFPDKKSEGARITSWPKENPGSWFSEFKRGKLLSYVDAEGNPVGVVQMTFLRLLSASAHQNVTYHCYQSVAWQDAATGSYDKALRFLGSNDEEMSYDNNPYIRALVDGCATKKGYQKTVLEIDTPKVEQVPIVDIMFNDFGEASQKFGFEVGPACFMG']"
11,FTO,E,ENSG00000140718,16q12.2,rs9939609 T/A,T,Q9C0B1,"['>ENST00000471389 uniprot_id: Q9C0B1 ensembl_id: ENST00000471389 gene_name: FTO organism: Homo sapiens sequence_length: 505', 'MKRTPTAEEREREAKKLRLLEELEDTWLPYLTPKDDEFYQQWQLKYPKLILREASSVSEELHKEVQEAFLTLHKHGCLFRDLVRIQGKDLLTPVSRILIGNPGCTYKYLNTRLFTVPWPVKGSNIKHTEAEIAAACETFLKLNDYLQIETIQALEELAAKEKANEDAVPLCMSADFPRVGMGSSYNGQDEVDIKSRAAYNVTLLNFMDPQKMPYLKEEPYFGMGKMAVSWHHDENLVDRSAVAVYSYSCEGPEEESEDDSHLEGRDPDIWHVGFKISWDIETPGLAIPLHQGDCYFMLDDLNATHQHCVLAGSQPRFSSTHRVAECSTGTLDYILQRCQLALQNVCDDVDNDDVSLKSFEPAVLKQGEEIHNEVEFEWLRQFWFQGNRYRKCTDWWCQPMAQLEALWKKMEGVTNAVLHEVKREGLPVEQRNEILTAILASLTARQNLRREWHARCQSRIARTLPADQKPECRPYWEKDDASMPLPFDLTDIVSELRGQLLEAKP']"
12,GABPB1,"E,E",ENSG00000104064,15q21.2,"rs12594956 A/C,rs7181866 A/G","A,G",Q06547,"['>ENST00000380877 uniprot_id: Q06547 ensembl_id: ENST00000380877 gene_name: GABPB1 organism: Homo sapiens sequence_length: 395', 'MSLVDLGKKLLEAARAGQDDEVRILMANGAPFTTDWLGTSPLHLAAQYGHYSTTEVLLRAGVSRDARTKVDRTPLHMAASEGHASIVEVLLKHGADVNAKDMLKMTALHWATEHNHQEVVELLIKYGADVHTQSKFCKTAFDISIDNGNEDLAEILQIAMQNQINTNPESPDTVTIHAATPQFIIGPGGVVNLTGLVSSENSSKATDETGVSAVQFGNSSTSVLATLAALAEASAPLSNSSETPVVATEEVVTAESVDGAIQQVVSSGGQQVITIVTDGIQLGNLHSIPTSGIGQPIIVTMPDGQQVLTVPATDIAEETVISEEPPAKRQCIEIIENRVESAEIEEREALQKQLDEANREAQKYRQQLLKKEQEAEAYRQKLEAMTRLQTNKEAV']"
13,GALNTL6,"E,S,P",ENSG00000174473,4q34.1,"rs558129 T/C,rs558129 C/T,rs558129 C/T","C,T,T",Q49A17,"['>ENST00000506823 uniprot_id: Q49A17 ensembl_id: ENST00000506823 gene_name: GALNTL6 organism: Homo sapiens sequence_length: 601', 'MKRKQKRFLQMTLLFTVALIFLPNVGLWSLYKDKHLVKSAEPGEQQTFPLGLGDGQFYSWTDGLRRKDWHDYESIQKEAMRSGKGEHGKPYPLTEEDHDDSAYRENGFNIFVSNNIALERSLPDIRHANCKHKMYLERLPNTSIIIPFHNEGWTSLLRTIHSIINRTPGSLIAEIILVDDFSEREHLKDKLEEYMARFSKVRIVRTKKREGLIRTRLLGASMARGEVLTFLDSHCEVNVNWLPPLLNQIALNHKTIVCPMIDVIDHNHFGYEAQAGDAMRGAFDWEMYYKRIPIPPELQRADPSDPFESPVMAGGLFAVDRKWFWELGGYDPGLEIWGGEQYEISFKVWMCGGEMFDVPCSRVGHIYRKYVPYKVPSGTSLARNLKRVAETWMDEFAEYIYQRRPEYRHLSTGDISAQKELRKQLKCKDFKWFMAAVAWDVPKYYPPVEPPPAAWGEIRNVAANLCVDSKHGATGTELRLDICVKDGSERTWSHEQLFTFGWREDIRPGEPLHTRKFCFDAISHNSPVTLYDCHGMKGNQLWGYRKDRTLFHPVSNSCMDCNPAEKKIFMARCDPLSETQQWIFEHINMTVLEKFNHHANS']"
14,GSTP1,E,ENSG00000084207,11q13.2,rs1695 A/G,G,P09211,"['>ENST00000398606 uniprot_id: P09211 ensembl_id: ENST00000398606 gene_name: GSTP1 organism: Homo sapiens sequence_length: 210', 'MPPYTVVYFPVRGRCAALRMLLADQGQSWKEEVVTVETWQEGSLKASCLYGQLPKFQDGDLTLYQSNTILRHLGRTLGLYGKDQQEAALVDMVNDGVEDLRCKYISLIYTNYEAGKDDYVKALPGQLKPFETLLSQNQGGKTFIVGDQISFADYNLLDLLLIHEVLAPGCLDAFPLLSAYVGRLSARPKLKAFLASPEYVNLPINGNGKQ']"
15,HFE,E,ENSG00000010704,6p21.3,rs1799945 C/G,G,Q30201,"['>ENST00000357618 uniprot_id: Q30201 ensembl_id: ENST00000357618 gene_name: HFE organism: Homo sapiens sequence_length: 348', 'MGPRARPALLLLMLLQTAVLQGRLLRSHSLHYLFMGASEQDLGLSLFEALGYVDDQLFVFYDHESRRVEPRTPWVSSRISSQMWLQLSQSLKGWDHMFTVDFWTIMENHNHSKESHTLQVILGCEMQEDNSTEGYWKYGYDGQDHLEFCPDTLDWRAAEPRAWPTKLEWERHKIRARQNRAYLERDCPAQLQQLLELGRGVLDQQVPPLVKVTHHVTSSVTTLRCRALNYYPQNITMKWLKDKQPMDAKEFEPKDVLPNGDGTYQGWITLAVPPGEEQRYTCQVEHPGLDQPLIVIWEPSPSGTLVIGVISGIAVFVVILFIGILFIILRKRQGSRGAMGHYVLAERE']"
16,HIF1A,"E,S,P",ENSG00000100644,14q23.2,"rs11549465 C/T,rs11549465 C/T,rs11549465 C/T","C,T,T",Q16665,"['>ENST00000337138 uniprot_id: Q16665 ensembl_id: ENST00000337138 gene_name: HIF1A organism: Homo sapiens sequence_length: 826', 'MEGAGGANDKKKISSERRKEKSRDAARSRRSKESEVFYELAHQLPLPHNVSSHLDKASVMRLTISYLRVRKLLDAGDLDIEDDMKAQMNCFYLKALDGFVMVLTDDGDMIYISDNVNKYMGLTQFELTGHSVFDFTHPCDHEEMREMLTHRNGLVKKGKEQNTQRSFFLRMKCTLTSRGRTMNIKSATWKVLHCTGHIHVYDTNSNQPQCGYKKPPMTCLVLICEPIPHPSNIEIPLDSKTFLSRHSLDMKFSYCDERITELMGYEPEELLGRSIYEYYHALDSDHLTKTHHDMFTKGQVTTGQYRMLAKRGGYVWVETQATVIYNTKNSQPQCIVCVNYVVSGIIQHDLIFSLQQTECVLKPVESSDMKMTQLFTKVESEDTSSLFDKLKKEPDALTLLAPAAGDTIISLDFGSNDTETDDQQLEEVPLYNDVMLPSPNEKLQNINLAMSPLPTAETPKPLRSSADPALNQEVALKLEPNPESLELSFTMPQIQDQTPSPSDGSTRQSSPEPNSPSEYCFYVDSDMVNEFKLELVEKLFAEDTEAKNPFSTQDTDLDLEMLAPYIPMDDDFQLRSFDQLSPLESSSASPESASPQSTVTVFQQTQIQEPTANATTTTATTDELKTVTKDRMEDIKILIASPSPTHIHKETTSATSSPYRDTQSRTASPNRAGKGVIEQTEKSHPRSPNVLSVALSQRTTVPEEELNPKILALQNAQRKRKMEHDGSLFQAVGIGTLLQQPDDHAATTSLSWKRVKGCKSSEQNGMEQKTIILIPSDLACRLLGQSMDESGLPQLTSYDCEVNAPIQGSRNLLQGEELLRALDQVN']"
17,MCT1,E,ENSG00000155380,1p12,rs1049434 A/T,T,P53985,"['>ENST00000369626 uniprot_id: P53985 ensembl_id: ENST00000369626 gene_name: SLC16A1 organism: Homo sapiens sequence_length: 500', 'MPPAVGGPVGYTPPDGGWGWAVVIGAFISIGFSYAFPKSITVFFKEIEGIFHATTSEVSWISSIMLAVMYGGGPISSILVNKYGSRIVMIVGGCLSGCGLIAASFCNTVQQLYVCIGVIGGLGLAFNLNPALTMIGKYFYKRRPLANGLAMAGSPVFLCTLAPLNQVFFGIFGWRGSFLILGGLLLNCCVAGALMRPIGPKPTKAGKDKSKASLEKAGKSGVKKDLHDANTDLIGRHPKQEKRSVFQTINQFLDLTLFTHRGFLLYLSGNVIMFFGLFAPLVFLSSYGKSQHYSSEKSAFLLSILAFVDMVARPSMGLVANTKPIRPRIQYFFAASVVANGVCHMLAPLSTTYVGFCVYAGFFGFAFGWLSSVLFETLMDLVGPQRFSSAVGLVTIVECCPVLLGPPLLGRLNDMYGDYKYTYWACGVVLIISGIYLFIGMGINYRLLAKEQKANEQKKESKEEETSIDVAGKPNEVTKAAESPDQKDTDGGPKEEESPV']"
18,MYBPC3,E,ENSG00000134571,11p11.2,rs1052373 A/G,G,Q14896,"['>ENST00000545968 uniprot_id: Q14896 ensembl_id: ENST00000545968 gene_name: MYBPC3 organism: Homo sapiens sequence_length: 1274', 'MPEPGKKPVSAFSKKPRSVEVAAGSPAVFEAETERAGVKVRWQRGGSDISASNKYGLATEGTRHTLTVREVGPADQGSYAVIAGSSKVKFDLKVIEAEKAEPMLAPAPAPAEATGAPGEAPAPAAELGESAPSPKGSSSAALNGPTPGAPDDPIGLFVMRPQDGEVTVGGSITFSARVAGASLLKPPVVKWFKGKWVDLSSKVGQHLQLHDSYDRASKVYLFELHITDAQPAFTGSYRCEVSTKDKFDCSNFNLTVHEAMGTGDLDLLSAFRRTSLAGGGRRISDSHEDTGILDFSSLLKKRDSFRTPRDSKLEAPAEEDVWEILRQAPPSEYERIAFQYGVTDLRGMLKRLKGMRRDEKKSTAFQKKLEPAYQVSKGHKIRLTVELADHDAEVKWLKNGQEIQMSGSKYIFESIGAKRTLTISQCSLADDAAYQCVVGGEKCSTELFVKEPPVLITRPLEDQLVMVGQRVEFECEVSEEGAQVKWLKDGVELTREETFKYRFKKDGQRHHLIINEAMLEDAGHYALCTSGGQALAELIVQEKKLEVYQSIADLMVGAKDQAVFKCEVSDENVRGVWLKNGKELVPDSRIKVSHIGRVHKLTIDDVTPADEADYSFVPEGFACNLSAKLHFMEVKIDFVPRQEPPKIHLDCPGRIPDTIVVVAGNKLRLDVPISGDPAPTVIWQKAITQGNKAPARPAPDAPEDTGDSDEWVFDKKLLCETEGRVRVETTKDRSIFTVEGAEKEDEGVYTVTVKNPVGEDQVNLTVKVIDVPDAPAAPKISNVGEDSCTVQWEPPAYDGGQPILGYILERKKKKSYRWMRLNFDLIQELSHEARRMIEGVVYEMRVYAVNAIGMSRPSPASQPFMPIGPPSEPTHLAVEDVSDTTVSLKWRPPERVGAGGLDGYSVEYCPEGCSEWVAALQGLTEHTSILVKDLPTGARLLFRVRAHNMAGPGAPVTTTEPVTVQEILQRPRLQLPRHLRQTIQKKVGEPVNLLIPFQGKPRPQVTWTKEGQPLAGEEVSIRNSPTDTILFIRAARRVHSGTYQVTVRIENMEDKATLVLQVVDKPSPPQDLRVTDAWGLNVALEWKPPQDVGNTELWGYTVQKADKKTMEWFTVLEHYRRTHCVVPELIIGNGYYFRVFSQNMVGFSDRAATTKEPVFIPRPGITYEPPNYKALDFSEAPSFTQPLVNRSVIAGYTAMLCCAVRGSPKPKISWFKNGLDLGEDARFRMFSKQGVLTLEIRKPCPFDGGIYVCRATNLQGEARCECRLEVRVPQ']"
19,NFATC4,E,ENSG00000100968,14q11.2,rs2229309 G/C,G,Q14934,"['>ENST00000250373 uniprot_id: Q14934 ensembl_id: ENST00000250373 gene_name: NFATC4 organism: Homo sapiens sequence_length: 902', 'MGAASCEDEELEFKLVFGEEKEAPPLGAGGLGEELDSEDAPPCCRLALGEPPPYGAAPIGIPRPPPPRPGMHSPPPRPAPSPGTWESQPARSVRLGGPGGGAGGAGGGRVLECPSIRITSISPTPEPPAALEDNPDAWGDGSPRDYPPPEGFGGYREAGGQGGGAFFSPSPGSSSLSSWSFFSDASDEAALYAACDEVESELNEAASRFGLGSPLPSPRASPRPWTPEDPWSLYGPSPGGRGPEDSWLLLSAPGPTPASPRPASPCGKRRYSSSGTPSSASPALSRRGSLGEEGSEPPPPPPLPLARDPGSPGPFDYVGAPPAESIPQKTRRTSSEQAVALPRSEEPASCNGKLPLGAEESVAPPGGSRKEVAGMDYLAVPSPLAWSKARIGGHSPIFRTSALPPLDWPLPSQYEQLELRIEVQPRAHHRAHYETEGSRGAVKAAPGGHPVVKLLGYSEKPLTLQMFIGTADERNLRPHAFYQVHRITGKMVATASYEAVVSGTKVLEMTLLPENNMAANIDCAGILKLRNSDIELRKGETDIGRKNTRVRLVFRVHVPQGGGKVVSVQAASVPIECSQRSAQELPQVEAYSPSACSVRGGEELVLTGSNFLPDSKVVFIERGPDGKLQWEEEATVNRLQSNEVTLTLTVPEYSNKRVSRPVQVYFYVSNGRRKRSPTQSFRFLPVICKEEPLPDSSLRGFPSASATPFGTDMDFSPPRPPYPSYPHEDPACETPYLSEGFGYGMPPLYPQTGPPPSYRPGLRMFPETRGTTGCAQPPAVSFLPRPFPSDPYGGRGSSFSLGLPFSPPAPFRPPPLPASPPLEGPFPSQSDVHPLPAEGYNKVGPGYGPGEGAPEQEKSRGGYSSGFRDSVPIQGITLEEVSEIIGRDLSGFPAPPGEEPPA']"
20,NOS3,"E,P",ENSG00000164867,7q36,"rs2070744 T/C,rs2070744 T/C","T,T",P29474,"['>ENST00000297494 uniprot_id: P29474 ensembl_id: ENST00000297494 gene_name: NOS3 organism: Homo sapiens sequence_length: 1203', 'MGNLKSVAQEPGPPCGLGLGLGLGLCGKQGPATPAPEPSRAPASLLPPAPEHSPPSSPLTQPPEGPKFPRVKNWEVGSITYDTLSAQAQQDGPCTPRRCLGSLVFPRKLQGRPSPGPPAPEQLLSQARDFINQYYSSIKRSGSQAHEQRLQEVEAEVAATGTYQLRESELVFGAKQAWRNAPRCVGRIQWGKLQVFDARDCRSAQEMFTYICNHIKYATNRGNLRSAITVFPQRCPGRGDFRIWNSQLVRYAGYRQQDGSVRGDPANVEITELCIQHGWTPGNGRFDVLPLLLQAPDDPPELFLLPPELVLEVPLEHPTLEWFAALGLRWYALPAVSNMLLEIGGLEFPAAPFSGWYMSTEIGTRNLCDPHRYNILEDVAVCMDLDTRTTSSLWKDKAAVEINVAVLHSYQLAKVTIVDHHAATASFMKHLENEQKARGGCPADWAWIVPPISGSLTPVFHQEMVNYFLSPAFRYQPDPWKGSAAKGTGITRKKTFKEVANAVKISASLMGTVMAKRVKATILYGSETGRAQSYAQQLGRLFRKAFDPRVLCMDEYDVVSLEHETLVLVVTSTFGNGDPPENGESFAAALMEMSGPYNSSPRPEQHKSYKIRFNSISCSDPLVSSWRRKRKESSNTDSAGALGTLRFCVFGLGSRAYPHFCAFARAVDTRLEELGGERLLQLGQGDELCGQEEAFRGWAQAAFQAACETFCVGEDAKAAARDIFSPKRSWKRQRYRLSAQAEGLQLLPGLIHVHRRKMFQATIRSVENLQSSKSTRATILVRLDTGGQEGLQYQPGDHIGVCPPNRPGLVEALLSRVEDPPAPTEPVAVEQLEKGSPGGPPPGWVRDPRLPPCTLRQALTFFLDITSPPSPQLLRLLSTLAEEPREQQELEALSQDPRRYEEWKWFRCPTLLEVLEQFPSVALPAPLLLTQLPLLQPRYYSVSSAPSTHPGEIHLTVAVLAYRTQDGLGPLHYGVCSTWLSQLKPGDPVPCFIRGAPSFRLPPDPSLPCILVGPGTGIAPFRGFWQERLHDIESKGLQPTPMTLVFGCRCSQLDHLYRDEVQNAQQRGVFGRVLTAFSREPDNPKTYVQDILRTELAAEVHRVLCLERGHMFVCGDVTMATNVLQTVQRILATEGDMELDEAGDVIGVLRDQQRYHEDIFGLTLRTQEVTSRIRTQSFSLQERQLRGAVPWAFDPPGSDTNSP']"
21,PPARA,"E,S,P",ENSG00000186951,22q13.31,"rs4253778 G/C,rs4253778 G/C,rs4253778 G/C","G,C,C",Q07869,"['>ENST00000407236 uniprot_id: Q07869 ensembl_id: ENST00000407236 gene_name: PPARA organism: Homo sapiens sequence_length: 468', 'MVDTESPLCPLSPLEAGDLESPLSEEFLQEMGNIQEISQSIGEDSSGSFGFTEYQYLGSCPGSDGSVITDTLSPASSPSSVTYPVVPGSVDESPSGALNIECRICGDKASGYHYGVHACEGCKGFFRRTIRLKLVYDKCDRSCKIQKKNRNKCQYCRFHKCLSVGMSHNAIRFGRMPRSEKAKLKAEILTCEHDIEDSETADLKSLAKRIYEAYLKNFNMNKVKARVILSGKASNNPPFVIHDMETLCMAEKTLVAKLVANGIQNKEAEVRIFHCCQCTSVETVTELTEFAKAIPGFANLDLNDQVTLLKYGVYEAIFAMLSSVMNKDGMLVAYGNGFITREFLKSLRKPFCDIMEPKFDFAMKFNALELDDSDISLFVAAIICCGDRPGLLNVGHIEKMQEGIVHVLRLHLQSNHPDDIFLFPKLLQKMADLRQLVTEHAQLVQIIKKTESDAALHPLLQEIYRDMY']"
22,PPARGC1A,"E,S",ENSG00000109819,4p15.1,"rs8192678 G/A,rs8192678 G/A","G,A",Q9UBK2,"['>ENST00000264867 uniprot_id: Q9UBK2 ensembl_id: ENST00000264867 gene_name: PPARGC1A organism: Homo sapiens sequence_length: 798', 'MAWDMCNQDSESVWSDIECAALVGEDQPLCPDLPELDLSELDVNDLDTDSFLGGLKWCSDQSEIISNQYNNEPSNIFEKIDEENEANLLAVLTETLDSLPVDEDGLPSFDALTDGDVTTDNEASPSSMPDGTPPPQEAEEPSLLKKLLLAPANTQLSYNECSGLSTQNHANHNHRIRTNPAIVKTENSWSNKAKSICQQQKPQRRPCSELLKYLTTNDDPPHTKPTENRNSSRDKCTSKKKSHTQSQSQHLQAKPTTLSLPLTPESPNDPKGSPFENKTIERTLSVELSGTAGLTPPTTPPHKANQDNPFRASPKLKSSCKTVVPPPSKKPRYSESSGTQGNNSTKKGPEQSELYAQLSKSSVLTGGHEERKTKRPSLRLFGDHDYCQSINSKTEILINISQELQDSRQLENKDVSSDWQGQICSSTDSDQCYLRETLEASKQVSPCSTRKQLQDQEIRAELNKHFGHPSQAVFDDEADKTGELRDSDFSNEQFSKLPMFINSGLAMDGLFDDSEDESDKLSYPWDGTQSYSLFNVSPSCSSFNSPCRDSVSPPKSLFSQRPQRMRSRSRSFSRHRSCSRSPYSRSRSRSPGSRSSSRSCYYYESSHYRHRTHRNSPLYVRSRSRSPYSRRPRYDSYEEYQHERLKREEYRREYEKRESERAKQRERQRQKAIEERRVIYVGKIRPDTTRTELRDRFEVFGEIEECTVNLRDDGDSYGFITYRYTCDAFAALENGYTLRRSNETDFELYFCGRKQFFKSNYADLDSNSDDFDPASTKSKYDSLDFDSLLKEAQRSLRR']"
23,PPARGC1B,E,ENSG00000155846,5q32,rs7732671 G/C,C,Q86YN6,"['>ENST00000309241 uniprot_id: Q86YN6 ensembl_id: ENST00000309241 gene_name: PPARGC1B organism: Homo sapiens sequence_length: 1023', 'MAGNDCGALLDEELSSFFLNYLADTQGGGSGEEQLYADFPELDLSQLDASDFDSATCFGELQWCPENSETEPNQYSPDDSELFQIDSENEALLAELTKTLDDIPEDDVGLAAFPALDGGDALSCTSASPAPSSAPPSPAPEKPSAPAPEVDELSLLQKLLLATSYPTSSSDTQKEGTAWRQAGLRSKSQRPCVKADSTQDKKAPMMQSQSRSCTELHKHLTSAQCCLQDRGLQPPCLQSPRLPAKEDKEPGEDCPSPQPAPASPRDSLALGRADPGAPVSQEDMQAMVQLIRYMHTYCLPQRKLPPQTPEPLPKACSNPSQQVRSRPWSRHHSKASWAEFSILRELLAQDVLCDVSKPYRLATPVYASLTPRSRPRPPKDSQASPGRPSSVEEVRIAASPKSTGPRPSLRPLRLEVKREVRRPARLQQQEEEDEEEEEEEEEEEKEEEEEWGRKRPGRGLPWTKLGRKLESSVCPVRRSRRLNPELGPWLTFADEPLVPSEPQGALPSLCLAPKAYDVERELGSPTDEDSGQDQQLLRGPQIPALESPCESGCGDMDEDPSCPQLPPRDSPRCLMLALSQSDPTFGKKSFEQTLTVELCGTAGLTPPTTPPYKPTEEDPFKPDIKHSLGKEIALSLPSPEGLSLKATPGAAHKLPKKHPERSELLSHLRHATAQPASQAGQKRPFSCSFGDHDYCQVLRPEGVLQRKVLRSWEPSGVHLEDWPQQGAPWAEAQAPGREEDRSCDAGAPPKDSTLLRDHEIRASLTKHFGLLETALEEEDLASCKSPEYDTVFEDSSSSSGESSFLPEEEEEEGEEEEEDDEEEDSGVSPTCSDHCPYQSPPSKANRQLCSRSRSSSGSSPCHSWSPATRRNFRCESRGPCSDRTPSIRHARKRREKAIGEGRVVYIQNLSSDMSSRELKRRFEVFGEIEECEVLTRNRRGEKYGFITYRCSEHAALSLTKGAALRKRNEPSFQLSYGGLRHFCWPRYTDYDSNSEEALPASGKSKYEAMDFDSLLKEAQQSLH']"
24,PPP3R1,E,ENSG00000221823,2p15,Promoter 5I/5D,5I,P63098,"['>ENST00000234310 uniprot_id: P63098 ensembl_id: ENST00000234310 gene_name: PPP3R1 organism: Homo sapiens sequence_length: 170', 'MGNEASYPLEMCSHFDADEIKRLGKRFKKLDLDNSGSLSVEEFMSLPELQQNPLVQRVIDIFDTDGNGEVDFKEFIEGVSQFSVKGDKEQKLRFAFRIYDMDKDGYISNGELFQVLKMMVGNNLKDTQLQQIVDKTIINADKDGDGRISFEEFCAVVGGLDIHKKMVVDV']"
25,PRDM1,E,ENSG00000057657,6q21,rs10499043 C/T,T,O75626,"['>ENST00000369096 uniprot_id: O75626 ensembl_id: ENST00000369096 gene_name: PRDM1 organism: Homo sapiens sequence_length: 825', 'MLDICLEKRVGTTLAAPKCNSSTVRFQGLAEGTKGTMKMDMEDADMTLWTEAEFEEKCTYIVNDHPWDSGADGGTSVQAEASLPRNLLFKYATNSEEVIGVMSKEYIPKGTRFGPLIGEIYTNDTVPKNANRKYFWRIYSRGELHHFIDGFNEEKSNWMRYVNPAHSPREQNLAACQNGMNIYFYTIKPIPANQELLVWYCRDFAERLHYPYPGELTMMNLTQTQSSLKQPSTEKNELCPKNVPKREYSVKEILKLDSNPSKGKDLYRSNISPLTSEKDLDDFRRRGSPEMPFYPRVVYPIRAPLPEDFLKASLAYGIERPTYITRSPIPSSTTPSPSARSSPDQSLKSSSPHSSPGNTVSPVGPGSQEHRDSYAYLNASYGTEGLGSYPGYAPLPHLPPAFIPSYNAHYPKFLLPPYGMNCNGLSAVSSMNGINNFGLFPRLCPVYSNLLGGGSLPHPMLNPTSLPSSLPSDGARRLLQPEHPREVLVPAPHSAFSFTGAAASMKDKACSPTSGSPTAGTAATAEHVVQPKATSAAMAAPSSDEAMNLIKNKRNMTGYKTLPYPLKKQNGKIKYECNVCAKTFGQLSNLKVHLRVHSGERPFKCQTCNKGFTQLAHLQKHYLVHTGEKPHECQVCHKRFSSTSNLKTHLRLHSGEKPYQCKVCPAKFTQFVHLKLHKRLHTRERPHKCSQCHKNYIHLCSLKVHLKGNCAAAPAPGLPLEDLTRINEEIEKFDISDNADRLEDVEDDISVISVVEKEILAVVRKEKEETGLKVSLQRNMGNGLLSSGCSLYESSDLPLMKLPPSNPLPLVPVKVKQETVEPMDP']"
26,RBFOX1,E,ENSG00000078328,16p13.3,rs7191721 G/A,G,Q9NWB1,"['>ENST00000550418 uniprot_id: Q9NWB1 ensembl_id: ENST00000550418 gene_name: RBFOX1 organism: Homo sapiens sequence_length: 397', 'MNCEREQLRGNQEAAAAPDTMAQPYASAQFAPPQNGIPAEYTAPHPHPAPEYTGQTTVPEHTLNLYPPAQTHSEQSPADTSAQTVSGTATQTDDAAPTDGQPQTQPSENTENKSQPKRLHVSNIPFRFRDPDLRQMFGQFGKILDVEIIFNERGSKGFGFVTFENSADADRAREKLHGTVVEGRKIEVNNATARVMTNKKTVNPYTNGWKLNPVVGAVYSPEFYAGTVLLCQANQEGSSMYSAPSSLVYTSAMPGFPYPAATAAAAYRGAHLRGRGRTVYNTFRAAAPPPPIPAYGGVVYQDGFYGADIYGGYAAYRYAQPTPATAAAYSDSYGRVYAADPYHHALAPAPTYGVGAMNAFAPLTDAKTRSHADDVGLVLSSLQASIYRGGYNRFAPY']"
27,SIRT1,E,ENSG00000096717,10q21.3,rs41299232 C/G,G,Q96EB6,"['>ENST00000212015 uniprot_id: Q96EB6 ensembl_id: ENST00000212015 gene_name: SIRT1 organism: Homo sapiens sequence_length: 747', 'MADEAALALQPGGSPSAAGADREAASSPAGEPLRKRPRRDGPGLERSPGEPGGAAPEREVPAAARGCPGAAAAALWREAEAEAAAAGGEQEAQATAAAGEGDNGPGLQGPSREPPLADNLYDEDDDDEGEEEEEAAAAAIGYRDNLLFGDEIITNGFHSCESDEEDRASHASSSDWTPRPRIGPYTFVQQHLMIGTDPRTILKDLLPETIPPPELDDMTLWQIVINILSEPPKRKKRKDINTIEDAVKLLQECKKIIVLTGAGVSVSCGIPDFRSRDGIYARLAVDFPDLPDPQAMFDIEYFRKDPRPFFKFAKEIYPGQFQPSLCHKFIALSDKEGKLLRNYTQNIDTLEQVAGIQRIIQCHGSFATASCLICKYKVDCEAVRGDIFNQVVPRCPRCPADEPLAIMKPEIVFFGENLPEQFHRAMKYDKDEVDLLIVIGSSLKVRPVALIPSSIPHEVPQILINREPLPHLHFDVELLGDCDVIINELCHRLGGEYAKLCCNPVKLSEITEKPPRTQKELAYLSELPPTPLHVSEDSSSPERTSPPDSSVIVTLLDQAAKSNDDLDVSESKGCMEEKPQEVQTSRNVESIAEQMENPDLKNVGSSTGEKNERTSVAGTVRKCWPNRVAKEQISRRLDGNQYLFLPPNRYIFHGAEVYSDSEDDVLSSSSCGSNSDSGTCQSPSLEEPMEDESEIEEFYNGLEDEPDVPERAGGAGFGTDGDDQEAINEAISVKQEVTDMNYPSNKS']"
28,SPEG,E,ENSG00000072195,2q35,rs7564856 G/A,G,Q15772,"['>ENST00000312358 uniprot_id: Q15772 ensembl_id: ENST00000312358 gene_name: SPEG organism: Homo sapiens sequence_length: 3267', 'MQKARGTRGEDAGTRAPPSPGVPPKRAKVGAGGGAPVAVAGAPVFLRPLKNAAVCAGSDVRLRVVVSGTPQPSLRWFRDGQLLPAPAPEPSCLWLRRCGAQDAGVYSCMAQNERGRASCEAVLTVLEVGDSETAEDDISDVQGTQRLELRDDGAFSTPTGGSDTLVGTSLDTPPTSVTGTSEEQVSWWGSGQTVLEQEAGSGGGTRRLPGSPRQAQATGAGPRHLGVEPLVRASRANLVGASWGSEDSLSVASDLYGSAFSLYRGRALSIHVSVPQSGLRREEPDLQPQLASEAPRRPAQPPPSKSALLPPPSPRVGKRSPPGPPAQPAATPTSPHRRTQEPVLPEDTTTEEKRGKKSKSSGPSLAGTAESRPQTPLSEASGRLSALGRSPRLVRAGSRILDKLQFFEERRRSLERSDSPPAPLRPWVPLRKARSLEQPKSERGAPWGTPGASQEELRAPGSVAERRRLFQQKAASLDERTRQRSPASDLELRFAQELGRIRRSTSREELVRSHESLRATLQRAPSPREPGEPPLFSRPSTPKTSRAVSPAAAQPPSPSSAEKPGDEPGRPRSRGPAGRTEPGEGPQQEVRRRDQFPLTRSRAIQECRSPVPPPAADPPEARTKAPPGRKREPPAQAVRFLPWATPGLEGAAVPQTLEKNRAGPEAEKRLRRGPEEDGPWGPWDRRGARSQGKGRRARPTSPELESSDDSYVSAGEEPLEAPVFEIPLQNVVVAPGADVLLKCIITANPPPQVSWHKDGSALRSEGRLLLRAEGERHTLLLREARAADAGSYMATATNELGQATCAASLTVRPGGSTSPFSSPITSDEEYLSPPEEFPEPGETWPRTPTMKPSPSQNRRSSDTGSKAPPTFKVSLMDQSVREGQDVIMSIRVQGEPKPVVSWLRNRQPVRPDQRRFAEEAEGGLCRLRILAAERGDAGFYTCKAVNEYGARQCEARLEVRAHPESRSLAVLAPLQDVDVGAGEMALFECLVAGPTDVEVDWLCRGRLLQPALLKCKMHFDGRKCKLLLTSVHEDDSGVYTCKLSTAKDELTCSARLTVRPSLAPLFTRLLEDVEVLEGRAARFDCKISGTPPPVVTWTHFGCPMEESENLRLRQDGGLHSLHIAHVGSEDEGLYAVSAVNTHGQAHCSAQLYVEEPRTAASGPSSKLEKMPSIPEEPEQGELERLSIPDFLRPLQDLEVGLAKEAMLECQVTGLPYPTISWFHNGHRIQSSDDRRMTQYRDVHRLVFPAVGPQHAGVYKSVIANKLGKAACYAHLYVTDVVPGPPDGAPQVVAVTGRMVTLTWNPPRSLDMAIDPDSLTYTVQHQVLGSDQWTALVTGLREPGWAATGLRKGVQHIFRVLSTTVKSSSKPSPPSEPVQLLEHGPTLEEAPAMLDKPDIVYVVEGQPASVTVTFNHVEAQVVWRSCRGALLEARAGVYELSQPDDDQYCLRICRVSRRDMGALTCTARNRHGTQTCSVTLELAEAPRFESIMEDVEVGAGETARFAVVVEGKPLPDIMWYKDEVLLTESSHVSFVYEENECSLVVLSTGAQDGGVYTCTAQNLAGEVSCKAELAVHSAQTAMEVEGVGEDEDHRGRRLSDFYDIHQEIGRGAFSYLRRIVERSSGLEFAAKFIPSQAKPKASARREARLLARLQHDCVLYFHEAFERRRGLVIVTELCTEELLERIARKPTVCESEIRAYMRQVLEGIHYLHQSHVLHLDVKPENLLVWDGAAGEQQVRICDFGNAQELTPGEPQYCQYGTPEFVAPEIVNQSPVSGVTDIWPVGVVAFLCLTGISPFVGENDRTTLMNIRNYNVAFEETTFLSLSREARGFLIKVLVQDRLRPTAEETLEHPWFKTQAKGAEVSTDHLKLFLSRRRWQRSQISYKCHLVLRPIPELLRAPPERVWVTMPRRPPPSGGLSSSSDSEEEELEELPSVPRPLQPEFSGSRVSLTDIPTEDEALGTPETGAATPMDWQEQGRAPSQDQEAPSPEALPSPGQEPAAGASPRRGELRRGSSAESALPRAGPRELGRGLHKAASVELPQRRSPSPGATRLARGGLGEGEYAQRLQALRQRLLRGGPEDGKVSGLRGPLLESLGGRARDPRMARAASSEAAPHHQPPLENRGLQKSSSFSQGEAEPRGRHRRAGAPLEIPVARLGARRLQESPSLSALSEAQPSSPARPSAPKPSTPKSAEPSATTPSDAPQPPAPQPAQDKAPEPRPEPVRASKPAPPPQALQTLALPLTPYAQIIQSLQLSGHAQGPSQGPAAPPSEPKPHAAVFARVASPPPGAPEKRVPSAGGPPVLAEKARVPTVPPRPGSSLSSSIENLESEAVFEAKFKRSRESPLSLGLRLLSRSRSEERGPFRGAEEEDGIYRPSPAGTPLELVRRPERSRSVQDLRAVGEPGLVRRLSLSLSQRLRRTPPAQRHPAWEARGGDGESSEGGSSARGSPVLAMRRRLSFTLERLSSRLQRSGSSEDSGGASGRSTPLFGRLRRATSEGESLRRLGLPHNQLAAQAGATTPSAESLGSEASATSGSSAPGESRSRLRWGFSRPRKDKGLSPPNLSASVQEELGHQYVRSESDFPPVFHIKLKDQVLLEGEAATLLCLPAACPAPHISWMKDKKSLRSEPSVIIVSCKDGRQLLSIPRAGKRHAGLYECSATNVLGSITSSCTVAVARVPGKLAPPEVPQTYQDTALVLWKPGDSRAPCTYTLERRVDGESVWHPVSSGIPDCYYNVTHLPVGVTVRFRVACANRAGQGPFSNSSEKVFVRGTQDSSAVPSAAHQEAPVTSRPARARPPDSPTSLAPPLAPAAPTPPSVTVSPSSPPTPPSQALSSLKAVGPPPQTPPRRHRGLQAARPAEPTLPSTHVTPSEPKPFVLDTGTPIPASTPQGVKPVSSSTPVYVVTSFVSAPPAPEPPAPEPPPEPTKVTVQSLSPAKEVVSSPGSSPRSSPRPEGTTLRQGPPQKPYTFLEEKARGRFGVVRACRENATGRTFVAKIVPYAAEGKRRVLQEYEVLRTLHHERIMSLHEAYITPRYLVLIAESCGNRELLCGLSDRFRYSEDDVATYMVQLLQGLDYLHGHHVLHLDIKPDNLLLAPDNALKIVDFGSAQPYNPQALRPLGHRTGTLEFMAPEMVKGEPIGSATDIWGAGVLTYIMLSGRSPFYEPDPQETEARIVGGRFDAFQLYPNTSQSATLFLRKVLSVHPWSRPSLQDCLAHPWLQDAYLMKLRRQTLTFTTNRLKEFLGEQRRRRAEAATRHKVLLRSYPGGP']"
29,TFAM,E,ENSG00000108064,10q21,rs1937 G/C,C,Q00059,"['>ENST00000487519 uniprot_id: Q00059 ensembl_id: ENST00000487519 gene_name: TFAM organism: Homo sapiens sequence_length: 246', 'MAFLRSMWGVLSALGRSGAELCTGCGSRLRSPFSFVYLPRWFSSVLASCPKKPVSSYLRFSKEQLPIFKAQNPDAKTTELIRRIAQRWRELPDSKKKIYQDAYRAEWQVYKEEISRFKEQLTPSQIMSLEKEIMDKHLKRKAMTKKKELTLLGKPKRPRSAYNVYVAERFQEAKGDSPQEKLKTVKENWKNLSDSEKELYIQHAKEDETRYHNEMKSWEEQMIEVGRKDLLRRTIKKQRKYGAEEC']"
30,TRPM2,E,ENSG00000142185,21q22.3,rs1785440 A/G,G,O94759,"['>ENST00000397928 uniprot_id: O94759 ensembl_id: ENST00000397928 gene_name: TRPM2 organism: Homo sapiens sequence_length: 1503', 'MEPSALRKAGSEQEEGFEGLPRRVTDLGMVSNLRRSNSSLFKSWRLQCPFGNNDKQESLSSWIPENIKKKECVYFVESSKLSDAGKVVCQCGYTHEQHLEEATKPHTFQGTQWDPKKHVQEMPTDAFGDIVFTGLSQKVKKYVRVSQDTPSSVIYHLMTQHWGLDVPNLLISVTGGAKNFNMKPRLKSIFRRGLVKVAQTTGAWIITGGSHTGVMKQVGEAVRDFSLSSSYKEGELITIGVATWGTVHRREGLIHPTGSFPAEYILDEDGQGNLTCLDSNHSHFILVDDGTHGQYGVEIPLRTRLEKFISEQTKERGGVAIKIPIVCVVLEGGPGTLHTIDNATTNGTPCVVVEGSGRVADVIAQVANLPVSDITISLIQQKLSVFFQEMFETFTESRIVEWTKKIQDIVRRRQLLTVFREGKDGQQDVDVAILQALLKASRSQDHFGHENWDHQLKLAVAWNRVDIARSEIFMDEWQWKPSDLHPTMTAALISNKPEFVKLFLENGVQLKEFVTWDTLLYLYENLDPSCLFHSKLQKVLVEDPERPACAPAAPRLQMHHVAQVLRELLGDFTQPLYPRPRHNDRLRLLLPVPHVKLNVQGVSLRSLYKRSSGHVTFTMDPIRDLLIWAIVQNRRELAGIIWAQSQDCIAAALACSKILKELSKEEEDTDSSEEMLALAEEYEHRAIGVFTECYRKDEERAQKLLTRVSEAWGKTTCLQLALEAKDMKFVSHGGIQAFLTKVWWGQLSVDNGLWRVTLCMLAFPLLLTGLISFREKRLQDVGTPAARARAFFTAPVVVFHLNILSYFAFLCLFAYVLMVDFQPVPSWCECAIYLWLFSLVCEEMRQLFYDPDECGLMKKAALYFSDFWNKLDVGAILLFVAGLTCRLIPATLYPGRVILSLDFILFCLRLMHIFTISKTLGPKIIIVKRMMKDVFFFLFLLAVWVVSFGVAKQAILIHNERRVDWLFRGAVYHSYLTIFGQIPGYIDGVNFNPEHCSPNGTDPYKPKCPESDATQQRPAFPEWLTVLLLCLYLLFTNILLLNLLIAMFNYTFQQVQEHTDQIWKFQRHDLIEEYHGRPAAPPPFILLSHLQLFIKRVVLKTPAKRHKQLKNKLEKNEEAALLSWEIYLKENYLQNRQFQQKQRPEQKIEDISNKVDAMVDLLDLDPLKRSGSMEQRLASLEEQVAQTAQALHWIVRTLRASGFSSEADVPTLASQKAAEEPDAEPGGRKKTEEPGDSYHVNARHLLYPNCPVTRFPVPNEKVPWETEFLIYDPPFYTAERKDAAAMDPMGDTLEPLSTIQYNVVDGLRDRRSFHGPYTVQAGLPLNPMGRTGLRGRGSLSCFGPNHTLYPMVTRWRRNEDGAICRKSIKKMLEVLVVKLPLSEHWALPGGSREPGEMLPRKLKRILRQEHWPSFENLLKCGMEVYKGYMDDPRNTDNAWIETVAVSVHFQDQNDVELNRLNSNLHACDSGASIRWQVVDRRIPLYANHKTLLQKAAAEFGAHY']"
31,TSHR,E,ENSG00000165409,14q31,rs7144481 T/C,C,P16473,"['>ENST00000298171 uniprot_id: A0A0A0MTJ0 ensembl_id: ENST00000298171 gene_name: TSHR organism: Homo sapiens sequence_length: 764', 'MRPADLLQLVLLLDLPRDLGGMGCSSPPCECHQEEDFRVTCKDIQRIPSLPPSTQTLKLIETHLRTIPSHAFSNLPNISRIYVSIDVTLQQLESHSFYNLSKVTHIEIRNTRNLTYIDPDALKELPLLKFLGIFNTGLKMFPDLTKVYSTDIFFILEITDNPYMTSIPVNAFQGLCNETLTLKLYNNGFTSVQGYAFNGTKLDAVYLNKNKYLTVIDKDAFGGVYSGPSLLDVSQTSVTALPSKGLEHLKELIARNTWTLKKLPLSLSFLHLTRADLSYPSHCCAFKNQKKIRGILESLMCNESSMQSLRQRKSVNALNSPLHQEYEENLGDSIVGYKEKSKFQDTHNNAHYYVFFEEQEDEIIGFGQELKNPQEETLQAFDSHYDYTICGDSEDMVCTPKSDEFNPCEDIMGYKFLRIVVWFVSLLALLGNVFVLLILLTSHYKLNVPRFLMCNLAFADFCMGMYLLLIASVDLYTHSEYYNHAIDWQTGPGCNTAGFFTVFASELSVYTLTVITLERWYAITFAMRLDRKIRLRHACAIMVGGWVCCFLLALLPLVGISSYAKVSICLPMDTETPLALAYIVFVLTLNIVAFVIVCCCYVKIYITVRNPQYNPGDKDTKIAKRMAVLIFTDFICMAPISFYALSAILNKPLITVSNSKILLVLFYPLNSCANPFLYAIFTKAFQRDVFILLSKFGICKRQAQAYRGQRVPPKNSTDIQVQKVTHEMRQGLHNMEDVYELIENSHLTPKKQGQISEEYMQTVL']"
32,UCP2,E,ENSG00000175567,11q13,rs660339 C/T,T,P55851,"['>ENST00000663595 uniprot_id: P55851 ensembl_id: ENST00000663595 gene_name: UCP2 organism: Homo sapiens sequence_length: 309', 'MVGFKATDVPPTATVKFLGAGTAACIADLITFPLDTAKVRLQIQGESQGPVRATASAQYRGVMGTILTMVRTEGPRSLYNGLVAGLQRQMSFASVRIGLYDSVKQFYTKGSEHASIGSRLLAGSTTGALAVAVAQPTDVVKVRFQAQARAGGGRRYQSTVNAYKTIAREEGFRGLWKGTSPNVARNAIVNCAELVTYDLIKDALLKANLMTDDLPCHFTSAFGAGFCTTVIASPVDVVKTRYMNSALGQYSSAGHCALTMLQKEGPRAFYKGFMPSFLRLGSWNVVMFVTYEQLKRALMAACTSREAPF']"
33,UCP3,E,ENSG00000175564,11q13,rs1800849 C/T,T,P55916,"['>ENST00000314032 uniprot_id: P55916 ensembl_id: ENST00000314032 gene_name: UCP3 organism: Homo sapiens sequence_length: 312', 'MVGLKPSDVPPTMAVKFLGAGTAACFADLVTFPLDTAKVRLQIQGENQAVQTARLVQYRGVLGTILTMVRTEGPCSPYNGLVAGLQRQMSFASIRIGLYDSVKQVYTPKGADNSSLTTRILAGCTTGAMAVTCAQPTDVVKVRFQASIHLGPSRSDRKYSGTMDAYRTIAREEGVRGLWKGTLPNIMRNAIVNCAEVVTYDILKEKLLDYHLLTDNFPCHFVSAFGAGFCATVVASPVDVVKTRYMNSPPGQYFSPLDCMIKMVAQEGPTAFYKGFTPSFLRLGSWNVVMFVTYEQLKRALMKVQMLRESPF']"
34,VEGFA,E,ENSG00000112715,6p12,rs2010963 G/C,C,P15692,"['>ENST00000672860 uniprot_id: P15692 ensembl_id: ENST00000672860 gene_name: VEGFA organism: Homo sapiens sequence_length: 395', 'MTDRQTDTAPSPSYHLLPGRRRTVDAAASRGQGPEPAPGGGVEGVGARGVALKLFVQLLGCSRFGGAVVRAGEAEPSGAARSASSGREEPQPEEGEEEEEKEEERGPQWRLGARKPGSWTGEAAVCADSAPAARAPQALARASGRGGRVARRGAEESGPPHSPSRRGSASRAGPGRASETMNFLLSWVHWSLALLLYLHHAKWSQAAPMAEGGGQNHHEVVKFMDVYQRSYCHPIETLVDIFQEYPDEIEYIFKPSCVPLMRCGGCCNDEGLECVPTEESNITMQIMRIKPHQGQHIGEMSFLQHNKCECRPKKDRARQEKKSVRGKGKGQKRKRKKSRYKSWSVPCGPCSERRKHLFVQDPQTCKCSCKNTDSRCKARQLELNERTCRCDKPRR']"
35,VEGFR2,E,ENSG00000128052,4q11-q12,rs1870377 T/A,A,P35968,"['>ENST00000263923 uniprot_id: P35968 ensembl_id: ENST00000263923 gene_name: KDR organism: Homo sapiens sequence_length: 1356', 'MQSKVLLAVALWLCVETRAASVGLPSVSLDLPRLSIQKDILTIKANTTLQITCRGQRDLDWLWPNNQSGSEQRVEVTECSDGLFCKTLTIPKVIGNDTGAYKCFYRETDLASVIYVYVQDYRSPFIASVSDQHGVVYITENKNKTVVIPCLGSISNLNVSLCARYPEKRFVPDGNRISWDSKKGFTIPSYMISYAGMVFCEAKINDESYQSIMYIVVVVGYRIYDVVLSPSHGIELSVGEKLVLNCTARTELNVGIDFNWEYPSSKHQHKKLVNRDLKTQSGSEMKKFLSTLTIDGVTRSDQGLYTCAASSGLMTKKNSTFVRVHEKPFVAFGSGMESLVEATVGERVRIPAKYLGYPPPEIKWYKNGIPLESNHTIKAGHVLTIMEVSERDTGNYTVILTNPISKEKQSHVVSLVVYVPPQIGEKSLISPVDSYQYGTTQTLTCTVYAIPPPHHIHWYWQLEEECANEPSQAVSVTNPYPCEEWRSVEDFQGGNKIEVNKNQFALIEGKNKTVSTLVIQAANVSALYKCEAVNKVGRGERVISFHVTRGPEITLQPDMQPTEQESVSLWCTADRSTFENLTWYKLGPQPLPIHVGELPTPVCKNLDTLWKLNATMFSNSTNDILIMELKNASLQDQGDYVCLAQDRKTKKRHCVVRQLTVLERVAPTITGNLENQTTSIGESIEVSCTASGNPPPQIMWFKDNETLVEDSGIVLKDGNRNLTIRRVRKEDEGLYTCQACSVLGCAKVEAFFIIEGAQEKTNLEIIILVGTAVIAMFFWLLLVIILRTVKRANGGELKTGYLSIVMDPDELPLDEHCERLPYDASKWEFPRDRLKLGKPLGRGAFGQVIEADAFGIDKTATCRTVAVKMLKEGATHSEHRALMSELKILIHIGHHLNVVNLLGACTKPGGPLMVIVEFCKFGNLSTYLRSKRNEFVPYKTKGARFRQGKDYVGAIPVDLKRRLDSITSSQSSASSGFVEEKSLSDVEEEEAPEDLYKDFLTLEHLICYSFQVAKGMEFLASRKCIHRDLAARNILLSEKNVVKICDFGLARDIYKDPDYVRKGDARLPLKWMAPETIFDRVYTIQSDVWSFGVLLWEIFSLGASPYPGVKIDEEFCRRLKEGTRMRAPDYTTPEMYQTMLDCWHGEPSQRPTFSELVEHLGNLLQANAQQDGKDYIVLPISETLSMEEDSGLSLPTSPVSCMEEEEVCDPKFHYDNTAGISQYLQNSKRKSRPVSVKTFEDIPLEEPEVKVIPDDNQTDSGMVLASEELKTLEDRTKLSPSFGGMVPSKSRESVASEGSNQTSGYQSGYHSDDTDTTVYSSEEAELLKLIEIGVQTGSTAQILQPDSGTTLSSPPV']"
36,ACVR1B,P,ENSG00000135503,12q13.13,rs2854464 A/G,A,P36896,"['>ENST00000257963 uniprot_id: P36896 ensembl_id: ENST00000257963 gene_name: ACVR1B organism: Homo sapiens sequence_length: 505', 'MAESAGASSFFPLVVLLLAGSGGSGPRGVQALLCACTSCLQANYTCETDGACMVSIFNLDGMEHHVRTCIPKVELVPAGKPFYCLSSEDLRNTHCCYTDYCNRIDLRVPSGHLKEPEHPSMWGPVELVGIIAGPVFLLFLIIIIVFLVINYHQRVYHNRQRLDMEDPSCEMCLSKDKTLQDLVYDLSTSGSGSGLPLFVQRTVARTIVLQEIIGKGRFGEVWRGRWRGGDVAVKIFSSREERSWFREAEIYQTVMLRHENILGFIAADNKDNGTWTQLWLVSDYHEHGSLFDYLNRYTVTIEGMIKLALSAASGLAHLHMEIVGTQGKPGIAHRDLKSKNILVKKNGMCAIADLGLAVRHDAVTDTIDIAPNQRVGTKRYMAPEVLDETINMKHFDSFKCADIYALGLVYWEIARRCNSGGVHEEYQLPYYDLVPSDPSIEEMRKVVCDQKLRPNIPNWWQSYEALRVMGKMMRECWYANGAARLTALRIKKTLSQLSVQEDVKI']"
37,ADAM15,P,ENSG00000143537,1q21.3,rs11264302 G/A,G,Q13444,"['>ENST00000356955 uniprot_id: Q13444 ensembl_id: ENST00000356955 gene_name: ADAM15 organism: Homo sapiens sequence_length: 863', 'MRLALLWALGLLGAGSPLPSWPLPNIGGTEEQQAESEKAPREPLEPQVLQDDLPISLKKVLQTSLPEPLRIKLELDGDSHILELLQNRELVPGRPTLVWYQPDGTRVVSEGHTLENCCYQGRVRGYAGSWVSICTCSGLRGLVVLTPERSYTLEQGPGDLQGPPIISRIQDLHLPGHTCALSWRESVHTQKPPEHPLGQRHIRRRRDVVTETKTVELVIVADHSEAQKYRDFQHLLNRTLEVALLLDTFFRPLNVRVALVGLEAWTQRDLVEISPNPAVTLENFLHWRRAHLLPRLPHDSAQLVTGTSFSGPTVGMAIQNSICSPDFSGGVNMDHSTSILGVASSIAHELGHSLGLDHDLPGNSCPCPGPAPAKTCIMEASTDFLPGLNFSNCSRRALEKALLDGMGSCLFERLPSLPPMAAFCGNMFVEPGEQCDCGFLDDCVDPCCDSLTCQLRPGAQCASDGPCCQNCQLRPSGWQCRPTRGDCDLPEFCPGDSSQCPPDVSLGDGEPCAGGQAVCMHGRCASYAQQCQSLWGPGAQPAAPLCLQTANTRGNAFGSCGRNPSGSYVSCTPRDAICGQLQCQTGRTQPLLGSIRDLLWETIDVNGTELNCSWVHLDLGSDVAQPLLTLPGTACGPGLVCIDHRCQRVDLLGAQECRSKCHGHGVCDSNRHCYCEEGWAPPDCTTQLKATSSLTTGLLLSLLVLLVLVMLGASYWYRARLHQRLCQLKGPTCQYRAAQSGPSERPGPPQRALLARGTKQASALSFPAPPSRPLPPDPVSKRLQAELADRPNPPTRPLPADPVVRSPKSQGPAKPPPPRKPLPADPQGRCPSGDLPGPGAGIPPLVVPSRPAPPPPTVSSLYL']"
38,AGRN,P,ENSG00000188157,1p36.33,rs4074992 C/T,C,O00468,"['>ENST00000379370 uniprot_id: O00468 ensembl_id: ENST00000379370 gene_name: AGRN organism: Homo sapiens sequence_length: 2068', 'MAGRSHPGPLRPLLPLLVVAACVLPGAGGTCPERALERREEEANVVLTGTVEEILNVDPVQHTYSCKVRVWRYLKGKDLVARESLLDGGNKVVISGFGDPLICDNQVSTGDTRIFFVNPAPPYLWPAHKNELMLNSSLMRITLRNLEEVEFCVEDKPGTHFTPVPPTPPDACRGMLCGFGAVCEPNAEGPGRASCVCKKSPCPSVVAPVCGSDASTYSNECELQRAQCSQQRRIRLLSRGPCGSRDPCSNVTCSFGSTCARSADGLTASCLCPATCRGAPEGTVCGSDGADYPGECQLLRRACARQENVFKKFDGPCDPCQGALPDPSRSCRVNPRTRRPEMLLRPESCPARQAPVCGDDGVTYENDCVMGRSGAARGLLLQKVRSGQCQGRDQCPEPCRFNAVCLSRRGRPRCSCDRVTCDGAYRPVCAQDGRTYDSDCWRQQAECRQQRAIPSKHQGPCDQAPSPCLGVQCAFGATCAVKNGQAACECLQACSSLYDPVCGSDGVTYGSACELEATACTLGREIQVARKGPCDRCGQCRFGALCEAETGRCVCPSECVALAQPVCGSDGHTYPSECMLHVHACTHQISLHVASAGPCETCGDAVCAFGAVCSAGQCVCPRCEHPPPGPVCGSDGVTYGSACELREAACLQQTQIEEARAGPCEQAECGSGGSGSGEDGDCEQELCRQRGGIWDEDSEDGPCVCDFSCQSVPGSPVCGSDGVTYSTECELKKARCESQRGLYVAAQGACRGPTFAPLPPVAPLHCAQTPYGCCQDNITAARGVGLAGCPSACQCNPHGSYGGTCDPATGQCSCRPGVGGLRCDRCEPGFWNFRGIVTDGRSGCTPCSCDPQGAVRDDCEQMTGLCSCKPGVAGPKCGQCPDGRALGPAGCEADASAPATCAEMRCEFGARCVEESGSAHCVCPMLTCPEANATKVCGSDGVTYGNECQLKTIACRQGLQISIQSLGPCQEAVAPSTHPTSASVTVTTPGLLLSQALPAPPGALPLAPSSTAHSQTTPPPSSRPRTTASVPRTTVWPVLTVPPTAPSPAPSLVASAFGESGSTDGSSDEELSGDQEASGGGSGGLEPLEGSSVATPGPPVERASCYNSALGCCSDGKTPSLDAEGSNCPATKVFQGVLELEGVEGQELFYTPEMADPKSELFGETARSIESTLDDLFRNSDVKKDFRSVRLRDLGPGKSVRAIVDVHFDPTTAFRAPDVARALLRQIQVSRRRSLGVRRPLQEHVRFMDFDWFPAFITGATSGAIAAGATARATTASRLPSSAVTPRAPHPSHTSQPVAKTTAAPTTRRPPTTAPSRVPGRRPPAPQQPPKPCDSQPCFHGGTCQDWALGGGFTCSCPAGRGGAVCEKVLGAPVPAFEGRSFLAFPTLRAYHTLRLALEFRALEPQGLLLYNGNARGKDFLALALLDGRVQLRFDTGSGPAVLTSAVPVEPGQWHRLELSRHWRRGTLSVDGETPVLGESPSGTDGLNLDTDLFVGGVPEDQAAVALERTFVGAGLRGCIRLLDVNNQRLELGIGPGAATRGSGVGECGDHPCLPNPCHGGAPCQNLEAGRFHCQCPPGRVGPTCADEKSPCQPNPCHGAAPCRVLPEGGAQCECPLGREGTFCQTASGQDGSGPFLADFNGFSHLELRGLHTFARDLGEKMALEVVFLARGPSGLLLYNGQKTDGKGDFVSLALRDRRLEFRYDLGKGAAVIRSREPVTLGAWTRVSLERNGRKGALRVGDGPRVLGESPKSRKVPHTVLNLKEPLYVGGAPDFSKLARAAAVSSGFDGAIQLVSLGGRQLLTPEHVLRQVDVTSFAGHPCTRASGHPCLNGASCVPREAAYVCLCPGGFSGPHCEKGLVEKSAGDVDTLAFDGRTFVEYLNAVTESELANEIPVPETLDSGALHSEKALQSNHFELSLRTEATQGLVLWSGKATERADYVALAIVDGHLQLSYNLGSQPVVLRSTVPVNTNRWLRVVAHREQREGSLQVGNEAPVTGSSPLGATQLDTDGALWLGGLPELPVGPALPKAYGTGFVGCLRDVVVGRHPLHLLEDAVTKPELRPCPTP']"
39,AGT,"P,S",ENSG00000135744,1q42.2,"rs699 T/C,rs699 T/C","C,C",P01019,"['>ENST00000366667 uniprot_id: P01019 ensembl_id: ENST00000366667 gene_name: AGT organism: Homo sapiens sequence_length: 476', 'MAPAGVSLRATILCLLAWAGLAAGDRVYIHPFHLVIHNESTCEQLAKANAGKPKDPTFIPAPIQAKTSPVDEKALQDQLVLVAAKLDTEDKLRAAMVGMLANFLGFRIYGMHSELWGVVHGATVLSPTAVFGTLASLYLGALDHTADRLQAILGVPWKDKNCTSRLDAHKVLSALQAVQGLLVAQGRADSQAQLLLSTVVGVFTAPGLHLKQPFVQGLALYTPVVLPRSLDFTELDVAAEKIDRFMQAVTGWKTGCSLMGASVDSTLAFNTYVHFQGKMKGFSLLAEPQEFWVDNSTSVSVPMLSGMGTFQHWSDIQDNFSVTQVPFTESACLLLIQPHYASDLDKVEGLTFQQNSLNWMKKLSPRTIHLTMPQLVLQGSYDLQDLLAQAELPAILHTELNLQKLSNDRIRVGEVLNSIFFELEADEREPTESTQQLNKPEVLEVTLNRPFLFAVYDQSATALHFLGRVANPLSTA']"
40,AKAP6,P,ENSG00000151320,14q12,rs12883788 C/T,C,Q13023,"['>ENST00000280979 uniprot_id: Q13023 ensembl_id: ENST00000280979 gene_name: AKAP6 organism: Homo sapiens sequence_length: 2319', 'MLTMSVTLSPLRSQDLDPMATDASPMAINMTPTVEQGEGEEAMKDMDSDQQYEKPPPLHTGADWKIVLHLPEIETWLRMTSERVRDLTYSVQQDSDSKHVDVHLVQLKDICEDISDHVEQIHALLETEFSLKLLSYSVNVIVDIHAVQLLWHQLRVSVLVLRERILQGLQDANGNYTRQTDILQAFSEETKEGRLDSLTEVDDSGQLTIKCSQNYLSLDCGITAFELSDYSPSEDLLSGLGDMTSSQVKTKPFDSWSYSEMEKEFPELIRSVGLLTVAADSISTNGSEAVTEEVSQVSLSVDDKGGCEEDNASAVEEQPGLTLGVSSSSGEALTNAAQPSSETVQQESSSSSHHDAKNQQPVPCENATPKRTIRDCFNYNEDSPTQPTLPKRGLFLKEETFKNDLKGNGGKRQMVDLKPEMSRSTPSLVDPPDRSKLCLVLQSSYPNSPSAASQSYECLHKVGNGNLENTVKFHIKEISSSLGRLNDCYKEKSRLKKPHKTSEEVPPCRTPKRGTGSGKQAKNTKSSAVPNGELSYTSKAIEGPQTNSASTSSLEPCNQRSWNAKLQLQSETSSSPAFTQSSESSVGSDNIMSPVPLLSKHKSKKGQASSPSHVTRNGEVVEAWYGSDEYLALPSHLKQTEVLALKLENLTKLLPQKPRGETIQNIDDWELSEMNSDSEIYPTYHVKKKHTRLGRVSPSSSSDIASSLGESIESGPLSDILSDEESSMPLAGMKKYADEKSERASSSEKNESHSATKSALIQKLMQDIQHQDNYEAIWEKIEGFVNKLDEFIQWLNEAMETTENWTPPKAEMDDLKLYLETHLSFKLNVDSHCALKEAVEEEGHQLLELIASHKAGLKDMLRMIASQWKELQRQIKRQHSWILRALDTIKAEILATDVSVEDEEGTGSPKAEVQLCYLEAQRDAVEQMSLKLYSEQYTSSSKRKEEFADMSKVHSVGSNGLLDFDSEYQELWDWLIDMESLVMDSHDLMMSEEQQQHLYKRYSVEMSIRHLKKTELLSKVEALKKGGVLLPNDLLEKVDSINEKWELLGKTLGEKIQDTMAGHSGSSPRDLLSPESGSLVRQLEVRIKELKGWLRDTELFIFNSCLRQEKEGTMNTEKQLQYFKSLCREIKQRRRGVASILRLCQHLLDDRETCNLNADHQPMQLIIVNLERRWEAIVMQAVQWQTRLQKKMGKESETLNVIDPGLMDLNGMSEDALEWDEMDISNKLISLNEESNDLDQELQPVIPSLKLGETSNEDPGYDEEADNHGGSQYASNITAPSSPHIYQVYSLHNVELYEDNHMPFLKNNPKVTGMTQPNVLTKSLSKDSSFSSTKSLPDLLGGSNLVKPCACHGGDMSQNSGSESGIVSEGDTETTTNSEMCLLNAVDGSPSNLETEHLDPQMGDAVNVLKQKFTDEGESIKLPNSSQSSISPVGCVNGKVGDLNSITKHTPDCLGEELQGKHDVFTFYDYSYLQGSKLKLPMIMKQSQSEKAHVEDPLLRGFYFDKKSCKSKHQTTELQPDVPPHERILASASHEMDRISYKSGNIEKTFTGMQNAKQLSLLSHSSSIESLSPGGDLFGLGIFKNGSDSLQRSTSLESWLTSYKSNEDLFSCHSSGDISVSSGSVGELSKRTLDLLNRLENIQSPSEQKIKRSVSDITLQSSSQKMSFTGQMSLDIASSINEDSAASLTELSSSDELSLCSEDIVLHKNKIPESNASFRKRLTRSVADESDVNVSMIVNVSCTSACTDDEDDSDLLSSSTLTLTEEELCIKDEDDDSSIATDDEIYEDCTLMSGLDYIKNELQTWIRPKLSLTRDKKRCNVSDEMKGSKDISSSEMTNPSDTLNIETLLNGSVKRVSENNGNGKNSSHTHELGTKRENKKTIFKVNKDPYVADMENGNIEGIPERQKGKPNVTSKVSENLGSHGKEISESEHCKCKALMDSLDDSNTAGKEFVSQDVRHLPKKCPNHHHFENQSTASTPTEKSFSELALETRFNNRQDSDALKSSDDAPSMAGKSAGCCLALEQNGTEENASISNISCCNCEPDVFHQKDAEDCSVHNFVKEIIDMASTALKSKSQPENEVAAPTSLTQIKEKVLEHSHRPIQLRKGDFYSYLSLSSHDSDCGEVTNYIEEKSSTPLPLDTTDSGLDDKEDIECFFEACVEGDSDGEEPCFSSAPPNESAVPSEAAMPLQATACSSEFSDSSLSADDADTVALSSPSSQERAEVGKEVNGLPQTSSGCAENLEFTPSKLDSEKESSGKPGESGMPEEHNAASAKSKVQDLSLKANQPTDKAALHPSPKTLTCEENLLNLHEKRHRNMHR']"
41,AUTS2,P,ENSG00000158321,7q11.22,rs10452738 A/G,A,Q8WXX7,"['>ENST00000342771 uniprot_id: Q8WXX7 ensembl_id: ENST00000342771 gene_name: AUTS2 organism: Homo sapiens sequence_length: 1259', 'MDGPTRGHGLRKKRRSRSQRDRERRSRGGLGAGAAGGGGAGRTRALSLASSSGSDKEDNGKPPSSAPSRPRPPRRKRRESTSAEEDIIDGFAMTSFVTFEALEKDVALKPQERVEKRQTPLTKKKREALTNGLSFHSKKSRLSHPHHYSSDRENDRNLCQHLGKRKKMPKALRQLKPGQNSCRDSDSESASGESKGFHRSSSRERLSDSSAPSSLGTGYFCDSDSDQEEKASDASSEKLFNTVIVNKDPELGVGTLPEHDSQDAGPIVPKISGLERSQEKSQDCCKEPIFEPVVLKDPCPQVAQPIPQPQTEPQLRAPSPDPDLVQRTEAPPQPPPLSTQPPQGPPEAQLQPAPQPQVQRPPRPQSPTQLLHQNLPPVQAHPSAQSLSQPLSAYNSSSLSLNSLSSSRSSTPAKTQPAPPHISHHPSASPFPLSLPNHSPLHSFTPTLQPPAHSHHPNMFAPPTALPPPPPLTSGSLQVAGHPAGSTYSEQDILRQELNTRFLASQSADRGASLGPPPYLRTEFHQHQHQHQHTHQHTHQHTFTPFPHAIPPTAIMPTPAPPMFDKYPTKVDPFYRHSLFHSYPPAVSGIPPMIPPTGPFGSLQGAFQPKTSNPIDVAARPGTVPHTLLQKDPRLTDPFRPMLRKPGKWCAMHVHIAWQIYHHQQKVKKQMQSDPHKLDFGLKPEFLSRPPGPSLFGAIHHPHDLARPSTLFSAAGAAHPTGTPFGPPPHHSNFLNPAAHLEPFNRPSTFTGLAAVGGNAFGGLGNPSVTPNSMFGHKDGPSVQNFSNPHEPWNRLHRTPPSFPTPPPWLKPGELERSASAAAHDRDRDVDKRDSSVSKDDKERESVEKRHSSHPSPAPVLPVNALGHTRSSTEQIRAHLNTEAREKDKPKERERDHSESRKDLAADEHKAKEGHLPEKDGHGHEGRAAGEEAKQLARVPSPYVRTPVVESARPNSTSSREAEPRKGEPAYENPKKSSEVKVKEERKEDHDLPPEAPQTHRASEPPPPNSSSSVHPGPLASMPMTVGVTGIHPMNSISSLDRTRMMTPFMGISPLPGGERFPYPSFHWDPIRDPLRDPYRELDIHRRDPLGRDFLLRNDPLHRLSTPRLYEADRSFRDREPHDYSHHHHHHHHPLSVDPRREHERGGHLDERERLHMLREDYEHTRLHSVHPASLDGHLPHPSLITPGLPSMHYPRISPTAGNQNGLLNKTPPTAALSAPPPLISTLGGRPVSPRRTTPLSAEIRERPPSHTLKDIEAR']"
42,BDNF,P,ENSG00000176697,11p14.1,rs10501089 G/A,A,P23560,"['>ENST00000356660 uniprot_id: P23560 ensembl_id: ENST00000356660 gene_name: BDNF organism: Homo sapiens sequence_length: 247', 'MTILFLTMVISYFGCMKAAPMKEANIRGQGGLAYPGVRTHGTLESVNGPKAGSRGLTSLADTFEHVIEELLDEDQKVRPNEENNKDADLYTSRVMLSSQVPLEPPLLFLLEEYKNYLDAANMSMRVRRHSDPARRGELSVCDSISEWVTAADKKTAVDMSGGTVTVLEKVPVSKGQLKQYFYETKCNPMGYTKEGCRGIDKRHWNSQCRTTQSYVRALTMDSKKRIGWRFIRIDTSCVCTLTIKRGR']"
43,CCT3,P,ENSG00000163468,1q22,rs11548200 T/C,T,P49368,"['>ENST00000295688 uniprot_id: P49368 ensembl_id: ENST00000295688 gene_name: CCT3 organism: Homo sapiens sequence_length: 545', 'MMGHRPVLVLSQNTKRESGRKVQSGNINAAKTIADIIRTCLGPKSMMKMLLDPMGGIVMTNDGNAILREIQVQHPAAKSMIEISRTQDEEVGDGTTSVIILAGEMLSVAEHFLEQQMHPTVVISAYRKALDDMISTLKKISIPVDISDSDMMLNIINSSITTKAISRWSSLACNIALDAVKMVQFEENGRKEIDIKKYARVEKIPGGIIEDSCVLRGVMINKDVTHPRMRRYIKNPRIVLLDSSLEYKKGESQTDIEITREEDFTRILQMEEEYIQQLCEDIIQLKPDVVITEKGISDLAQHYLMRANITAIRRVRKTDNNRIARACGARIVSRPEELREDDVGTGAGLLEIKKIGDEYFTFITDCKDPKACTILLRGASKEILSEVERNLQDAMQVCRNVLLDPQLVPGGGASEMAVAHALTEKSKAMTGVEQWPYRAVAQALEVIPRTLIQNCGASTIRLLTSLRAKHTQENCETWGVNGETGTLVDMKELGIWEPLAVKLQTYKTAVETAVLLLRIDDIVSGHKKKGDDQSRQGGAPDAGQE']"
44,CNTFR,"P,S",ENSG00000122756,9p13.3,"rs41274853 C/T,rs41274853 C/T","T,T",P26992,"['>ENST00000378980 uniprot_id: P26992 ensembl_id: ENST00000378980 gene_name: CNTFR organism: Homo sapiens sequence_length: 372', 'MAAPVPWACCAVLAAAAAVVYAQRHSPQEAPHVQYERLGSDVTLPCGTANWDAAVTWRVNGTDLAPDLLNGSQLVLHGLELGHSGLYACFHRDSWHLRHQVLLHVGLPPREPVLSCRSNTYPKGFYCSWHLPTPTYIPNTFNVTVLHGSKIMVCEKDPALKNRCHIRYMHLFSTIKYKVSISVSNALGHNATAITFDEFTIVKPDPPENVVARPVPSNPRRLEVTWQTPSTWPDPESFPLKFFLRYRPLILDQWQHVELSDGTAHTITDAYAGKEYIIQVAAKDNEIGTWSDWSVAAHATPWTEEPRHLTTEAQAAETTTSTTSSLAPPPTTKICDPGELGSGGGPSAPFLVSVPITLALAAAAATASSLLI']"
45,CPNE5,P,ENSG00000124772,6p21.2,rs3213537 G/A,G,Q9HCH3,"['>ENST00000244751 uniprot_id: Q9HCH3 ensembl_id: ENST00000244751 gene_name: CPNE5 organism: Homo sapiens sequence_length: 593', 'MEQPEDMASLSEFDSLAGSIPATKVEITVSCRNLLDKDMFSKSDPLCVMYTQGMENKQWREFGRTEVIDNTLNPDFVRKFIVDYFFEEKQNLRFDLYDVDSKSPDLSKHDFLGQAFCTLGEIVGSPGSRLEKPLTIGAFSLNSRTGKPMPAVSNGGVPGKKCGTIILSAEELSNCRDVATMQFCANKLDKKDFFGKSDPFLVFYRSNEDGTFTICHKTEVMKNTLNPVWQTFSIPVRALCNGDYDRTIKVEVYDWDRDGSHDFIGEFTTSYRELARGQSQFNIYEVVNPKKKMKKKKYVNSGTVTLLSFAVESECTFLDYIKGGTQINFTVAIDFTASNGNPSQSTSLHYMSPYQLNAYALALTAVGEIIQHYDSDKMFPALGFGAKLPPDGRVSHEFPLNGNQENPSCCGIDGILEAYHRSLRTVQLYGPTNFAPVVTHVARNAAAVQDGSQYSVLLIITDGVISDMAQTKEAIVNAAKLPMSIIIVGVGQAEFDAMVELDGDDVRISSRGKLAERDIVQFVPFRDYVDRTGNHVLSMARLARDVLAEIPDQLVSYMKAQGIRPRPPPAAPTHSPSQSPARTPPASPLHTHI']"
46,CRTAC1,"P,S",ENSG00000095713,10q24.2,"rs2439823 A/G,rs563296 G/A","A,G",Q9NQ79,"['>ENST00000370597 uniprot_id: Q9NQ79 ensembl_id: ENST00000370597 gene_name: CRTAC1 organism: Homo sapiens sequence_length: 661', 'MAPSADPGMSRMLPFLLLLWFLPITEGSQRAEPMFTAVTNSVLPPDYDSNPTQLNYGVAVTDVDHDGDFEIVVAGYNGPNLVLKYDRAQKRLVNIAVDERSSPYYALRDRQGNAIGVTACDIDGDGREEIYFLNTNNAFSGVATYTDKLFKFRNNRWEDILSDEVNVARGVASLFAGRSVACVDRKGSGRYSIYIANYAYGNVGPDALIEMDPEASDLSRGILALRDVAAEAGVSKYTGGRGVSVGPILSSSASDIFCDNENGPNFLFHNRGDGTFVDAAASAGVDDPHQHGRGVALADFNRDGKVDIVYGNWNGPHRLYLQMSTHGKVRFRDIASPKFSMPSPVRTVITADFDNDQELEIFFNNIAYRSSSANRLFRVIRREHGDPLIEELNPGDALEPEGRGTGGVVTDFDGDGMLDLILSHGESMAQPLSVFRGNQGFNNNWLRVVPRTRFGAFARGAKVVLYTKKSGAHLRIIDGGSGYLCEMEPVAHFGLGKDEASSVEVTWPDGKMVSRNVASGEMNSVLEILYPRDEDTLQDPAPLECGQGFSQQENGHCMDTNECIQFPFVCPRDKPVCVNTYGSYRCRTNKKCSRGYEPNEDGTACVGTLGQSPGPRPTTPTAAAATAAAAAAAGAATAAPVLVDGDLNLGSVVKESCEPSC']"
47,CRTC1,P,ENSG00000105662,19p13.11,rs11881338 T/A,A,Q6UUV9,"['>ENST00000321949 uniprot_id: Q6UUV9 ensembl_id: ENST00000321949 gene_name: CRTC1 organism: Homo sapiens sequence_length: 634', 'MATSNNPRKFSEKIALHNQKQAEETAAFEEVMKDLSLTRAARLQLQKSQYLQLGPSRGQYYGGSLPNVNQIGSGTMDLPFQTPFQSSGLDTSRTTRHHGLVDRVYRERGRLGSPHRRPLSVDKHGRQADSCPYGTMYLSPPADTSWRRTNSDSALHQSTMTPTQPESFSSGSQDVHQKRVLLLTVPGMEETTSEADKNLSKQAWDTKKTGSRPKSCEVPGINIFPSADQENTTALIPATHNTGGSLPDLTNIHFPSPLPTPLDPEEPTFPALSSSSSTGNLAANLTHLGIGGAGQGMSTPGSSPQHRPAGVSPLSLSTEARRQQASPTLSPLSPITQAVAMDALSLEQQLPYAFFTQAGSQQPPPQPQPPPPPPPASQQPPPPPPPQAPVRLPPGGPLLPSASLTRGPQPPPLAVTVPSSLPQSPPENPGQPSMGIDIASAPALQQYRTSAGSPANQSPTSPVSNQGFSPGSSPQHTSTLGSVFGDAYYEQQMAARQANALSHQLEQFNMMENAISSSSLYSPGSTLNYSQAAMMGLTGSHGSLPDSQQLGYASHSGIPNIILTVTGESPPSLSKELTSSLAGVGDVSFDSDSQFPLDELKIDPLTLDGLHMLNDPDMVLADPATEDTFRMDRL']"
48,E2F3,P,ENSG00000112242,6p22.3,rs4134943 C/T,T,O00716,"['>ENST00000346618 uniprot_id: O00716 ensembl_id: ENST00000346618 gene_name: E2F3 organism: Homo sapiens sequence_length: 465', 'MRKGIQPALEQYLVTAGGGEGAAVVAAAAAASMDKRALLASPGFAAAAAAAAAPGAYIQILTTNTSTTSCSSSLQSGAVAAGPLLPSAPGAEQTAGSLLYTTPHGPSSRAGLLQQPPALGRGGSGGGGGPPAKRRLELGESGHQYLSDGLKTPKGKGRAALRSPDSPKTPKSPSEKTRYDTSLGLLTKKFIQLLSQSPDGVLDLNKAAEVLKVQKRRIYDITNVLEGIHLIKKKSKNNVQWMGCSLSEDGGMLAQCQGLSKEVTELSQEEKKLDELIQSCTLDLKLLTEDSENQRLAYVTYQDIRKISGLKDQTVIVVKAPPETRLEVPDSIESLQIHLASTQGPIEVYLCPEETETHSPMKTNNQDHNGNIPKPASKDLASTNSGHSDCSVSMGNLSPLASPANLLQQTEDQIPSNLEGPFVNLLPPLLQEDYLLSLGEEEGISDLFDAYDLEKLPLVEDFMCS']"
49,FHL2,P,ENSG00000115641,2q12.2,rs55680124 C/T,C,Q14192,"['>ENST00000530340 uniprot_id: Q14192 ensembl_id: ENST00000530340 gene_name: FHL2 organism: Homo sapiens sequence_length: 279', 'MTERFDCHHCNESLFGKKYILREESPYCVVCFETLFANTCEECGKPIGCDCKDLSYKDRHWHEACFHCSQCRNSLVDKPFAAKEDQLLCTDCYSNEYSSKCQECKKTIMPGTRKMEYKGSSWHETCFICHRCQQPIGTKSFIPKDNQNFCVPCYEKQHAMQCVQCKKPITTGGVTYREQPWHKECFVCTACRKQLSGQRFTARDDFAYCLNCFCDLYAKKCAGCTNPISGLGGTKYISFEERQWHNDCFNCKKCSLSLVGRGFLTERDDILCPDCGKDI']"
50,GDF5,P,ENSG00000125965,20q11.22,rs143384 A/G,G,P43026,"['>ENST00000374369 uniprot_id: P43026 ensembl_id: ENST00000374369 gene_name: GDF5 organism: Homo sapiens sequence_length: 501', 'MRLPKLLTFLLWYLAWLDLEFICTVLGAPDLGQRPQGTRPGLAKAEAKERPPLARNVFRPGGHSYGGGATNANARAKGGTGQTGGLTQPKKDEPKKLPPRPGGPEPKPGHPPQTRQATARTVTPKGQLPGGKAPPKAGSVPSSFLLKKAREPGPPREPKEPFRPPPITPHEYMLSLYRTLSDADRKGGNSSVKLEAGLANTITSFIDKGQDDRGPVVRKQRYVFDISALEKDGLLGAELRILRKKPSDTAKPAAPGGGRAAQLKLSSCPSGRQPAALLDVRSVPGLDGSGWEVFDIWKLFRNFKNSAQLCLELEAWERGRAVDLRGLGFDRAARQVHEKALFLVFGRTKKRDLFFNEIKARSGQDDKTVYEYLFSQRRKRRAPLATRQGKRPSKNLKARCSRKALHVNFKDMGWDDWIIAPLEYEAFHCEGLCEFPLRSHLEPTNHAVIQTLMNSMDPESTPPTCCVPTRLSPISILFIDSANNVVYKQYEDMVVESCGCR']"
51,HSD17B14,P,ENSG00000087076,19q13.33,rs7247312 A/G,G,Q9BPX1,"['>ENST00000263278 uniprot_id: Q9BPX1 ensembl_id: ENST00000263278 gene_name: HSD17B14 organism: Homo sapiens sequence_length: 270', 'MATGTRYAGKVVVVTGGGRGIGAGIVRAFVNSGARVVICDKDESGGRALEQELPGAVFILCDVTQEDDVKTLVSETIRRFGRLDCVVNNAGHHPPPQRPEETSAQGFRQLLELNLLGTYTLTKLALPYLRKSQGNVINISSLVGAIGQAQAVPYVATKGAVTAMTKALALDESPYGVRVNCISPGNIWTPLWEELAALMPDPRATIREGMLAQPLGRMGQPAEVGAAAVFLASEANFCTGIELLVTGGAELGYGCKASRSTPVDAPDIPS']"
52,IGF1,"P,S",ENSG00000017427,12q23.2,"rs35767 C/T,rs35767 C/T","T,T",P05019,"['>ENST00000337514 uniprot_id: P05019 ensembl_id: ENST00000337514 gene_name: IGF1 organism: Homo sapiens sequence_length: 195', 'MGKISSLPTQLFKCCFCDFLKVKMHTMSSSHLFYLALCLLTFTSSATAGPETLCGAELVDALQFVCGDRGFYFNKPTGYGSSSRRAPQTGIVDECCFRSCDLRRLEMYCAPLKPAKSARSVRAQRHTDMPKTQKYQPPSTNKNTKSQRRKGWPKTHPGGEQKEGTEASLQIRGKKKEQRREIGSRNAECRGKKGK']"
53,IGF2,P,ENSG00000167244,11p15.5,rs680 A/G,G,P01344,"['>ENST00000416167 uniprot_id: P01344 ensembl_id: ENST00000416167 gene_name: IGF2 organism: Homo sapiens sequence_length: 180', 'MGIPMGKSMLVLLTFLAFASCCIAAYRPSETLCGGELVDTLQFVCGDRGFYFSRPASRVSRRSRGIVEECCFRSCDLALLETYCATPAKSERDVSTPPTVLPDNFPRYPVGKFFQYDTWKQSTQRLRRGLPALLRARRGHVLAKELEAFREAKRHRPLIALPTQDPAHGGAPPEMASNRK']"
54,IGSF3,P,ENSG00000143061,1p13.1,rs699785 G/A,A,O75054,"['>ENST00000369486 uniprot_id: O75054 ensembl_id: ENST00000369486 gene_name: IGSF3 organism: Homo sapiens sequence_length: 1194', 'MKCFFPVLSCLAVLGVVSAQRQVTVQEGPLYRTEGSHITIWCNVSGYQGPSEQNFQWSIYLPSSPEREVQIVSTMDSSFPYAIYTQRVRGGKIFIERVQGNSTLLHITDLQARDAGEYECHTPSTDKQYFGSYSAKMNLVVIPDSLQTTAMPQTLHRVEQDPLELTCEVASETIQHSHLSVAWLRQKVGEKPVEVISLSRDFMLHSSSEYAQRQSLGEVRLDKLGRTTFRLTIFHLQPSDQGEFYCEAAEWIQDPDGSWYAMTRKRSEGAVVNVQPTDKEFTVRLETEKRLHTVGEPVEFRCILEAQNVPDRYFAVSWAFNSSLIATMGPNAVPVLNSEFAHREARGQLKVAKESDSVFVLKIYHLRQEDSGKYNCRVTEREKTVTGEFIDKESKRPKNIPIIVLPLKSSISVEVASNASVILEGEDLRFSCSVRTAGRPQGRFSVIWQLVDRQNRRSNIMWLDRDGTVQPGSSYWERSSFGGVQMEQVQPNSFSLGIFNSRKEDEGQYECHVTEWVRAVDGEWQIVGERRASTPISITALEMGFAVTAISRTPGVTYSDSFDLQCIIKPHYPAWVPVSVTWRFQPVGTVEFHDLVTFTRDGGVQWGDRSSSFRTRTAIEKAESSNNVRLSISRASDTEAGKYQCVAELWRKNYNNTWTRLAERTSNLLEIRVLQPVTKLQVSKSKRTLTLVENKPIQLNCSVKSQTSQNSHFAVLWYVHKPSDADGKLILKTTHNSAFEYGTYAEEEGLRARLQFERHVSGGLFSLTVQRAEVSDSGSYYCHVEEWLLSPNYAWYKLAEEVSGRTEVTVKQPDSRLRLSQAQGNLSVLETRQVQLECVVLNRTSITSQLMVEWFVWKPNHPERETVARLSRDATFHYGEQAAKNNLKGRLHLESPSPGVYRLFIQNVAVQDSGTYSCHVEEWLPSPSGMWYKRAEDTAGQTALTVMRPDASLQVDTVVPNATVSEKAAFQLDCSIVSRSSQDSRFAVAWYSLRTKAGGKRSSPGLEEQEEEREEEEEEDDDDDDDPTERTALLSVGPDAVFGPEGSPWEGRLRFQRLSPVLYRLTVLQASPQDTGNYSCHVEEWLPSPQKEWYRLTEEESAPIGIRVLDTSPTLQSIICSNDALFYFVFFYPFPIFGILIITILLVRFKSRNSSKNSDGKNGVPLLWIKEPHLNYSPTCLEPPVLSIHPGAID']"
55,IL6,"P,S",ENSG00000136244,7p21,"rs1800795 C/G,rs1800795 C/G","G,G",P05231,"['>ENST00000258743 uniprot_id: P05231 ensembl_id: ENST00000258743 gene_name: IL6 organism: Homo sapiens sequence_length: 212', 'MNSFSTSAFGPVAFSLGLLLVLPAAFPAPVPPGEDSKDVAAPHRQPLTSSERIDKQIRYILDGISALRKETCNKSNMCESSKEALAENNLNLPKMAEKDGCFQSGFNEETCLVKIITGLLEFEVYLEYLQNRFESSEEQARAVQMSTKVLIQFLQKKAKNLDAITTPDPTTNASLLTKLQAQNQWLQDMTTHLILRSFKEFLQSSLRALRQM']"
56,ILRUN,P,ENSG00000196821,6p21.31,rs205262 A/G,A,Q9H6K1,"['>ENST00000374023 uniprot_id: Q9H6K1 ensembl_id: ENST00000374023 gene_name: ILRUN organism: Homo sapiens sequence_length: 298', 'MEGMDVDLDPELMQKFSCLGTTDKDVLISEFQRLLGFQLNPAGCAFFLDMTNWNLQAAIGAYYDFESPNISVPSMSFVEDVTIGEGESIPPDTQFVKTWRIQNSGAEAWPPGVCLKYVGGDQFGHVNMVMVRSLEPQEIADVSVQMCSPSRAGMYQGQWRMCTATGLYYGDVIWVILSVEVGGLLGVTQQLSSFETEFNTQPHRKVEGNFNPFASPQKNRQSDENNLKDPGGSEFDSISKNTWAPAPDTWAPAPDQTEQDQNRLSQNSVNLSPSSHANNLSVVTYSKGLHGPYPFGQS']"
57,MTHFR,"P,S",ENSG00000177000,1p36.3,"rs1801131 A/C,rs1801131 A/C","C,C",P42898,"['>ENST00000376590 uniprot_id: P42898 ensembl_id: ENST00000376590 gene_name: MTHFR organism: Homo sapiens sequence_length: 656', 'MVNEARGNSSLNPCLEGSASSGSESSKDSSRCSTPGLDPERHERLREKMRRRLESGDKWFSLEFFPPRTAEGAVNLISRFDRMAAGGPLYIDVTWHPAGDPGSDKETSSMMIASTAVNYCGLETILHMTCCRQRLEEITGHLHKAKQLGLKNIMALRGDPIGDQWEEEEGGFNYAVDLVKHIRSEFGDYFDICVAGYPKGHPEAGSFEADLKHLKEKVSAGADFIITQLFFEADTFFRFVKACTDMGITCPIVPGIFPIQGYHSLRQLVKLSKLEVPQEIKDVIEPIKDNDAAIRNYGIELAVSLCQELLASGLVPGLHFYTLNREMATTEVLKRLGMWTEDPRRPLPWALSAHPKRREEDVRPIFWASRPKSYIYRTQEWDEFPNGRWGNSSSPAFGELKDYYLFYLKSKSPKEELLKMWGEELTSEESVFEVFVLYLSGEPNRNGHKVTCLPWNDEPLAAETSLLKEELLRVNRQGILTINSQPNINGKPSSDPIVGWGPSGGYVFQKAYLEFFTSRETAEALLQVLKKYELRVNYHLVNVKGENITNAPELQPNAVTWGIFPGREIIQPTVVDPVSFMFWKDEAFALWIERWGKLYEEESPSRTIIQYIHDNYFLVNLVDNDFPLDNCLWQVVEDTLELLNRPTQNARETEAP']"
58,NRXN3A,P,ENSG00000021645,14q24.3-q31.1,rs8011870 G/A,G,Q9Y4C0,"['>ENST00000335750 uniprot_id: Q9Y4C0 ensembl_id: ENST00000335750 gene_name: NRXN3 organism: Homo sapiens sequence_length: 1643', 'MSSTLHSVFFTLKVSILLGSLLGLCLGLEFMGLPNQWARYLRWDASTRSDLSFQFKTNVS
TGLLLYLDDGGVCDFLCLSLVDGRVQLRFSMDCAETAVLSNKQVNDSSWHFLMVSRDRLR
TVLMLDGEGQSGELQPQRPYMDVVSDLFLGGVPTDIRPSALTLDGVQAMPGFKGLILDLK
YGNSEPRLLGSRGVQMDAEGPCGERPCENGGICFLLDGHPTCDCSTTGYGGKLCSEDVSQ
DPGLSHLMMSEQAREENVATFRGSEYLCYDLSQNPIQSSSDEITLSFKTWQRNGLILHTG
KSADYVNLALKDGAVSLVINLGSGAFEAIVEPVNGKFNDNAWHDVKVTRNLRQVTISVDG
ILTTTGYTQEDYTMLGSDDFFYVGGSPSTADLPGSPVSNNFMGCLKEVVYKNNDIRLELS
RLARIADTKMKIYGEVVFKCENVATLDPINFETPEAYISLPKWNTKRMGSISFDFRTTEP
NGLILFTHGKPQERKDARSQKNTKVDFFAVELLDGNLYLLLDMGSGTIKVKATQKKANDG
EWYHVDIQRDGRSGTISVNSRRTPFTASGESEILDLEGDMYLGGLPENRAGLILPTELWT
AMLNYGYVGCIRDLFIDGRSKNIRQLAEMQNAAGVKSSCSRMSAKQCDSYPCKNNAVCKD
GWNRFICDCTGTGYWGRTCEREASILSYDGSMYMKIIMPMVMHTEAEDVSFRFMSQRAYG
LLVATTSRDSADTLRLELDGGRVKLMVNLDCIRINCNSSKGPETLYAGQKLNDNEWHTVR
VVRRGKSLKLTVDDDVAEGTMVGDHTRLEFHNIETGIMTEKRYISVVPSSFIGHLQSLMF
NGLLYIDLCKNGDIDYCELKARFGLRNIIADPVTFKTKSSYLSLATLQAYTSMHLFFQFK
TTSPDGFILFNSGDGNDFIAVELVKGYIHYVFDLGNGPNVIKGNSDRPLNDNQWHNVVIT
RDNSNTHSLKVDTKVVTQVINGAKNLDLKGDLYMAGLAQGMYSNLPKLVASRDGFQGCLA
SVDLNGRLPDLINDALHRSGQIERGCEGPSTTCQEDSCANQGVCMQQWEGFTCDCSMTSY
SGNQCNDPGATYIFGKSGGLILYTWPANDRPSTRSDRLAVGFSTTVKDGILVRIDSAPGL
GDFLQLHIEQGKIGVVFNIGTVDISIKEERTPVNDGKYHVVRFTRNGGNATLQVDNWPVN
EHYPTGRQLTIFNTQAQIAIGGKDKGRLFQGQLSGLYYDGLKVLNMAAENNPNIKINGSV
RLVGEVPSILGTTQTTSMPPEMSTTVMETTTTMATTTTRKNRSTASIQPTSDDLVSSAEC
SSDDEDFVECEPSTTGGELVIPLLVEDPLATPPIATRAPSITLPPTFRPLLTIIETTKDS
LSMTSEAGLPCLSDQGSDGCDDDGLVISGYGSGETFDSNLPPTDDEDFYTTFSLVTDKSL
STSIFEGGYKAHAPKWESKDFRPNKVSETSRTTTTSLSPELIRFTASSSSGMVPKLPAGK
MNNRDLKPQPDIVLLPLPTAYELDSTKLKSPLITSPMFRNVPTANPTEPGIRRVPGASEV
IRESSSTTGMVVGIVAAAALCILILLYAMYKYRNRDEGSYQVDETRNYISNSAQSNGTLM
KEKQQSSKSGHKKQKNKDREYYV']"
59,NUP210,P,ENSG00000132182,3p25.1,rs2280084 C/A,C,Q8TEM1,"['>ENST00000254508 uniprot_id: Q8TEM1 ensembl_id: ENST00000254508 gene_name: NUP210 organism: Homo sapiens sequence_length: 1887', 'MAARGRGLLLLTLSVLLAAGPSAAAAKLNIPKVLLPFTRATRVNFTLEASEGCYRWLSTRPEVASIEPLGLDEQQCSQKAVVQARLTQPARLTSIIFAEDITTGQVLRCDAIVDLIHDIQIVSTTRELYLEDSPLELKIQALDSEGNTFSTLAGLVFEWTIVKDSEADRFSDSHNALRILTFLESTYIPPSYISEMEKAAKQGDTILVSGMKTGSSKLKARIQEAVYKNVRPAEVRLLILENILLNPAYDVYLMVGTSIHYKVQKIRQGKITELSMPSDQYELQLQNSIPGPEGDPARPVAVLAQDTSMVTALQLGQSSLVLGHRSIRMQGASRLPNSTIYVVEPGYLGFTVHPGDRWVLETGRLYEITIEVFDKFSNKVYVSDNIRIETVLPAEFFEVLSSSQNGSYHRIRALKRGQTAIDAALTSVVDQDGGVHILQVPVWNQQEVEIHIPITLYPSILTFPWQPKTGAYQYTIRAHGGSGNFSWSSSSHLVATVTVKGVMTTGSDIGFSVIQAHDVQNPLHFGEMKVYVIEPHSMEFAPCQVEARVGQALELPLRISGLMPGGASEVVTLSDCSHFDLAVEVENQGVFQPLPGRLPPGSEHCSGIRVKAEAQGSTTLLVSYRHGHVHLSAKITIAAYLPLKAVDPSSVALVTLGSSKEMLFEGGPRPWILEPSKFFQNVTAEDTDSIGLALFAPHSSRNYQQHWILVTCQALGEQVIALSVGNKPSLTNPFPAVEPAVVKFVCAPPSRLTLAPVYTSPQLDMSCPLLQQNKQVVPVSSHRNPRLDLAAYDQEGRRFDNFSSLSIQWESTRPVLASIEPELPMQLVSQDDESGQKKLHGLQAILVHEASGTTAITATATGYQESHLSSARTKQPHDPLVPLSASIELILVEDVRVSPEEVTIYNHPGIQAELRIREGSGYFFLNTSTADVVKVAYQEARGVAMVHPLLPGSSTIMIHDLCLVFPAPAKAVVYVSDIQELYIRVVDKVEIGKTVKAYVRVLDLHKKPFLAKYFPFMDLKLRAASPIITLVALDEALDNYTITFLIRGVAIGQTSLTASVTNKAGQRINSAPQQIEVFPPFRLMPRKVTLLIGATMQVTSEGGPQPQSNILFSISNESVALVSAAGLVQGLAIGNGTVSGLVQAVDAETGKVVIISQDLVQVEVLLLRAVRIRAPIMRMRTGTQMPIYVTGITNHQNPFSFGNAVPGLTFHWSVTKRDVLDLRGRHHEASIRLPSQYNFAMNVLGRVKGRTGLRVVVKAVDPTSGQLYGLARELSDEIQVQVFEKLQLLNPEIEAEQILMSPNSYIKLQTNRDGAASLSYRVLDGPEKVPVVHVDEKGFLASGSMIGTSTIEVIAQEPFGANQTIIVAVKVSPVSYLRVSMSPVLHTQNKEALVAVPLGMTVTFTVHFHDNSGDVFHAHSSVLNFATNRDDFVQIGKGPTNNTCVVRTVSVGLTLLRVWDAEHPGLSDFMPLPVLQAISPELSGAMVVGDVLCLATVLTSLEGLSGTWSSSANSILHIDPKTGVAVARAVGSVTVYYEVAGHLRTYKEVVVSVPQRIMARHLHPIQTSFQEATASKVIVAVGDRSSNLRGECTPTQREVIQALHPETLISCQSQFKPAVFDFPSQDVFTVEPQFDTALGQYFCSITMHRLTDKQRKHLSMKKTALVVSASLSSSHFSTEQVGAEVPFSPGLFADQAEILLSNHYTSSEIRVFGAPEVLENLEVKSGSPAVLAFAKEKSFGWPSFITYTVGVLDPAAGSQGPLSTTLTFSSPVTNQAIAIPVTVAFVVDRRGPGPYGASLFQHFLDSYQVMFFTLFALLAGTAVMIIAYHTVCTPRDLAVPAALTPRASPGHSPHYFAASSPTSPNALPPARKASPPSGLWSPAYASH']"
60,PIEZO1,P,ENSG00000103335,16q24.3,rs572934641 (TCC/-) E756del,D,Q92508,"['>ENST00000301015 uniprot_id: Q92508 ensembl_id: ENST00000301015 gene_name: PIEZO1 organism: Homo sapiens sequence_length: 2521', 'MEPHVLGAVLYWLLLPCALLAACLLRFSGLSLVYLLFLLLLPWFPGPTRCGLQGHTGRLLRALLGLSLLFLVAHLALQICLHIVPRLDQLLGPSCSRWETLSRHIGVTRLDLKDIPNAIRLVAPDLGILVVSSVCLGICGRLARNTRQSPHPRELDDDERDVDASPTAGLQEAATLAPTRRSRLAARFRVTAHWLLVAAGRVLAVTLLALAGIAHPSALSSVYLLLFLALCTWWACHFPISTRGFSRLCVAVGCFGAGHLICLYCYQMPLAQALLPPAGIWARVLGLKDFVGPTNCSSPHALVLNTGLDWPVYASPGVLLLLCYATASLRKLRAYRPSGQRKEAAKGYEARELELAELDQWPQERESDQHVVPTAPDTEADNCIVHELTGQSSVLRRPVRPKRAEPREASPLHSLGHLIMDQSYVCALIAMMVWSITYHSWLTFVLLLWACLIWTVRSRHQLAMLCSPCILLYGMTLCCLRYVWAMDLRPELPTTLGPVSLRQLGLEHTRYPCLDLGAMLLYTLTFWLLLRQFVKEKLLKWAESPAALTEVTVADTEPTRTQTLLQSLGELVKGVYAKYWIYVCAGMFIVVSFAGRLVVYKIVYMFLFLLCLTLFQVYYSLWRKLLKAFWWLVVAYTMLVLIAVYTFQFQDFPAYWRNLTGFTDEQLGDLGLEQFSVSELFSSILVPGFFLLACILQLHYFHRPFMQLTDMEHVSLPGTRLPRWAHRQDAVSGTPLLREEQQEHQQQQQEEEEEEEDSRDEGLGVATPHQATQVPEGAAKWGLVAERLLELAAGFSDVLSRVQVFLRRLLELHVFKLVALYTVWVALKEVSVMNLLLVVLWAFALPYPRFRPMASCLSTVWTCVIIVCKMLYQLKVVNPQEYSSNCTEPFPNSTNLLPTEISQSLLYRGPVDPANWFGVRKGFPNLGYIQNHLQVLLLLVFEAIVYRRQEHYRRQHQLAPLPAQAVFASGTRQQLDQDLLGCLKYFINFFFYKFGLEICFLMAVNVIGQRMNFLVTLHGCWLVAILTRRHRQAIARLWPNYCLFLALFLLYQYLLCLGMPPALCIDYPWRWSRAVPMNSALIKWLYLPDFFRAPNSTNLISDFLLLLCASQQWQVFSAERTEEWQRMAGVNTDRLEPLRGEPNPVPNFIHCRSYLDMLKVAVFRYLFWLVLVVVFVTGATRISIFGLGYLLACFYLLLFGTALLQRDTRARLVLWDCLILYNVTVIISKNMLSLLACVFVEQMQTGFCWVIQLFSLVCTVKGYYDPKEMMDRDQDCLLPVEEAGIIWDSVCFFFLLLQRRVFLSHYYLHVRADLQATALLASRGFALYNAANLKSIDFHRRIEEKSLAQLKRQMERIRAKQEKHRQGRVDRSRPQDTLGPKDPGLEPGPDSPGGSSPPRRQWWRPWLDHATVIHSGDYFLFESDSEEEEEAVPEDPRPSAQSAFQLAYQAWVTNAQAVLRRRQQEQEQARQEQAGQLPTGGGPSQEVEPAEGPEEAAAGRSHVVQRVLSTAQFLWMLGQALVDELTRWLQEFTRHHGTMSDVLRAERYLLTQELLQGGEVHRGVLDQLYTSQAEATLPGPTEAPNAPSTVSSGLGAEEPLSSMTDDMGSPLSTGYHTRSGSEEAVTDPGEREAGASLYQGLMRTASELLLDRRLRIPELEEAELFAEGQGRALRLLRAVYQCVAAHSELLCYFIIILNHMVTASAGSLVLPVLVFLWAMLSIPRPSKRFWMTAIVFTEIAVVVKYLFQFGFFPWNSHVVLRRYENKPYFPPRILGLEKTDGYIKYDLVQLMALFFHRSQLLCYGLWDHEEDSPSKEHDKSGEEEQGAEEGPGVPAATTEDHIQVEARVGPTDGTPEPQVELRPRDTRRISLRFRRRKKEGPARKGAAAIEAEDREEEEGEEEKEAPTGREKRPSRSGGRVRAAGRRLQGFCLSLAQGTYRPLRRFFHDILHTKYRAATDVYALMFLADVVDFIIIIFGFWAFGKHSAATDITSSLSDDQVPEAFLVMLLIQFSTMVVDRALYLRKTVLGKLAFQVALVLAIHLWMFFILPAVTERMFNQNVVAQLWYFVKCIYFALSAYQIRCGYPTRILGNFLTKKYNHLNLFLFQGFRLVPFLVELRAVMDWVWTDTTLSLSSWMCVEDIYANIFIIKCSRETEKKYPQPKGQKKKKIVKYGMGGLIILFLIAIIWFPLLFMSLVRSVVGVVNQPIDVTVTLKLGGYEPLFTMSAQQPSIIPFTAQAYEELSRQFDPQPLAMQFISQYSPEDIVTAQIEGSSGALWRISPPSRAQMKRELYNGTADITLRFTWNFQRDLAKGGTVEYANEKHMLALAPNSTARRQLASLLEGTSDQSVVIPNLFPKYIRAPNGPEANPVKQLQPNEEADYLGVRIQLRREQGAGATGFLEWWVIELQECRTDCNLLPMVIFSDKVSPPSLGFLAGYGIMGLYVSIVLVIGKFVRGFFSEISHSIMFEELPCVDRILKLCQDIFLVRETRELELEEELYAKLIFLYRSPETMIKWTREKE']"
61,PPARG,"P,S,P",ENSG00000132170,3p25.2,"rs1801282 C/G,rs1801282 C/G,rs2920503 C/T","G,G,T",P37231,"['>ENST00000651735 uniprot_id: E9PFV2 ensembl_id: ENST00000651735 gene_name: PPARG organism: Homo sapiens sequence_length: 475', 'MVDTEMPFWPTNFGISSVDLSVMEDHSHSFDIKPFTTVDFSSISTPHYEDIPFTRTDPVVADYKYDLKLQEYQSAIKVEPASPPYYSEKTQLYNKPHEEPSNSLMAIECRVCGDKASGFHYGVHACEGCKGFFRRTIRLKLIYDRCDLNCRIHKKSRNKCQYCRFQKCLAVGMSHNAIRFGRMPQAEKEKLLAEISSDIDQLNPESADLRALAKHLYDSYIKSFPLTKAKARAILTGKTTDKSPFVIYDMNSLMMGEDKIKFKHITPLQEQSKEVAIRIFQGCQFRSVEAVQEITEYAKSIPGFVNLDLNDQVTLLKYGVHEIIYTMLASLMNKDGVLISEGQGFMTREFLKSLRKPFGDFMEPKFEFAVKFNALELDDSDLAIFIAVIILSGDRPGLLNVKPIEDIQDNLLQALELQLKLNHPESSQLFAKLLQKMTDLRQIVTEHVQLLQVIKKTETDMSLHPLLQEIYKDLY']"
62,SLC39A8,"P,S",ENSG00000138821,4q24,"rs13107325 C/T,rs13135092 A/G","C,A",Q9C0K1,"['>ENST00000356736 uniprot_id: Q9C0K1 ensembl_id: ENST00000356736 gene_name: SLC39A8 organism: Homo sapiens sequence_length: 460', 'MAPGRAVAGLLLLAAAGLGGVAEGPGLAFSEDVLSVFGANLSLSAAQLQHLLEQMGAASRVGVPEPGQLHFNQCLTAEEIFSLHGFSNATQITSSKFSVICPAVLQQLNFHPCEDRPKHKTRPSHSEVWGYGFLSVTIINLASLLGLILTPLIKKSYFPKILTFFVGLAIGTLFSNAIFQLIPEAFGFDPKVDSYVEKAVAVFGGFYLLFFFERMLKMLLKTYGQNGHTHFGNDNFGPQEKTHQPKALPAINGVTCYANPAVTEANGHIHFDNVSVVSLQDGKKEPSSCTCLKGPKLSEIGTIAWMITLCDALHNFIDGLAIGASCTLSLLQGLSTSIAILCEEFPHELGDFVILLNAGMSTRQALLFNFLSACSCYVGLAFGILVGNNFAPNIIFALAGGMFLYISLADMFPEMNDMLREKVTGRKTDFTFFMIQNAGMLTGFTAILLITLYAGEIELE']"
63,SOD2,P,ENSG00000291237,6q25.3,rs4880 C/T,C,P04179,"['>ENST00000538183 uniprot_id: P04179 ensembl_id: ENST00000538183 gene_name: SOD2 organism: Homo sapiens sequence_length: 222', 'MLSRAVCGTSRQLAPVLGYLGSRQKHSLPDLPYDYGALEPHINAQIMQLHHSKHHAAYVNNLNVTEEKYQEALAKGDVTAQIALQPALKFNGGGHINHSIFWTNLSPNGGGEPKGELLEAIKRDFGSFDKFKEKLTAASVGVQGSGWGWLGFNKERGHLQIAACPNQDPLQGTTGLIPLLGIDVWEHAYYLQYKNVRPDYLKAIWNVINWENVTERYMACKK']"
64,TRHR,P,ENSG00000174417,8q23.1,rs7832552 C/T,T,P34981,"['>ENST00000518632 uniprot_id: P34981 ensembl_id: ENST00000518632 gene_name: TRHR organism: Homo sapiens sequence_length: 398', 'MENETVSELNQTQLQPRAVVALEYQVVTILLVLIICGLGIVGNIMVVLVVMRTKHMRTPTNCYLVSLAVADLMVLVAAGLPNITDSIYGSWVYGYVGCLCITYLQYLGINASSCSITAFTIERYIAICHPIKAQFLCTFSRAKKIIIFVWAFTSLYCMLWFFLLDLNISTYKDAIVISCGYKISRNYYSPIYLMDFGVFYVVPMILATVLYGFIARILFLNPIPSDPKENSKTWKNDSTHQNTNLNVNTSNRCFNSTVSSRKQVTKMLAVVVILFALLWMPYRTLVVVNSFLSSPFQENWFLLFCRICIYLNSAINPVIYNLMSQKFRAAFRKLCNCKQKPTEKPANYSVALNYSVIKESDHFSTELDDITVTDTYLSATKVSFDDTCLASEVSFSQS']"
65,UBR5,"P,P",ENSG00000104517,8q22.3,"rs10505025 G/A,rs4734621 G/A","A,A",O95071,"['>ENST00000520539 uniprot_id: O95071 ensembl_id: ENST00000520539 gene_name: UBR5 organism: Homo sapiens sequence_length: 2799', 'MTSIHFVVHPLPGTEDQLNDRLREVSEKLNKYNLNSHPPLNVLEQATIKQCVVGPNHAAFLLEDGRVCRIGFSVQPDRLELGKPDNNDGSKLNSNSGAGRTSRPGRTSDSPWFLSGSETLGRLAGNTLGSRWSSGVGGSGGGSSGRSSAGARDSRRQTRVIRTGRDRGSGLLGSQPQPVIPASVIPEELISQAQVVLQGKSRSVIIRELQRTNLDVNLAVNNLLSRDDEDGDDGDDTASESYLPGEDLMSLLDADIHSAHPSVIIDADAMFSEDISYFGYPSFRRSSLSRLGSSRVLLLPLERDSELLRERESVLRLRERRWLDGASFDNERGSTSKEGEPNLDKKNTPVQSPVSLGEDLQWWPDKDGTKFICIGALYSELLAVSSKGELYQWKWSESEPYRNAQNPSLHHPRATFLGLTNEKIVLLSANSIRATVATENNKVATWVDETLSSVASKLEHTAQTYSELQGERIVSLHCCALYTCAQLENSLYWWGVVPFSQRKKMLEKARAKNKKPKSSAGISSMPNITVGTQVCLRNNPLYHAGAVAFSISAGIPKVGVLMESVWNMNDSCRFQLRSPESLKNMEKASKTTEAKPESKQEPVKTEMGPPPSPASTCSDASSIASSASMPYKRRRSTPAPKEEEKVNEEQWSLREVVFVEDVKNVPVGKVLKVDGAYVAVKFPGTSSNTNCQNSSGPDADPSSLLQDCRLLRIDELQVVKTGGTPKVPDCFQRTPKKLCIPEKTEILAVNVDSKGVHAVLKTGNWVRYCIFDLATGKAEQENNFPTSSIAFLGQNERNVAIFTAGQESPIILRDGNGTIYPMAKDCMGGIRDPDWLDLPPISSLGMGVHSLINLPANSTIKKKAAVIIMAVEKQTLMQHILRCDYEACRQYLMNLEQAVVLEQNLQMLQTFISHRCDGNRNILHACVSVCFPTSNKETKEEEEAERSERNTFAERLSAVEAIANAISVVSSNGPGNRAGSSSSRSLRLREMMRRSLRAAGLGRHEAGASSSDHQDPVSPPIAPPSWVPDPPAMDPDGDIDFILAPAVGSLTTAATGTGQGPSTSTIPGPSTEPSVVESKDRKANAHFILKLLCDSVVLQPYLRELLSAKDARGMTPFMSAVSGRAYPAAITILETAQKIAKAEISSSEKEEDVFMGMVCPSGTNPDDSPLYVLCCNDTCSFTWTGAEHINQDIFECRTCGLLESLCCCTECARVCHKGHDCKLKRTSPTAYCDCWEKCKCKTLIAGQKSARLDLLYRLLTATNLVTLPNSRGEHLLLFLVQTVARQTVEHCQYRPPRIREDRNRKTASPEDSDMPDHDLEPPRFAQLALERVLQDWNALKSMIMFGSQENKDPLSASSRIGHLLPEEQVYLNQQSGTIRLDCFTHCLIVKCTADILLLDTLLGTLVKELQNKYTPGRREEAIAVTMRFLRSVARVFVILSVEMASSKKKNNFIPQPIGKCKRVFQALLPYAVEELCNVAESLIVPVRMGIARPTAPFTLASTSIDAMQGSEELFSVEPLPPRPSSDQSSSSSQSQSSYIIRNPQQRRISQSQPVRGRDEEQDDIVSADVEEVEVVEGVAGEEDHHDEQEEHGEENAEAEGQHDEHDEDGSDMELDLLAAAETESDSESNHSNQDNASGRRSVVTAATAGSEAGASSVPAFFSEDDSQSNDSSDSDSSSSQSDDIEQETFMLDEPLERTTNSSHANGAAQAPRSMQWAVRNTQHQRAASTAPSSTSTPAASSAGLIYIDPSNLRRSGTISTSAAAAAAALEASNASSYLTSASSLARAYSIVIRQISDLMGLIPKYNHLVYSQIPAAVKLTYQDAVNLQNYVEEKLIPTWNWMVSIMDSTEAQLRYGSALASAGDPGHPNHPLHASQNSARRERMTAREEASLRTLEGRRRATLLSARQGMMSARGDFLNYALSLMRSHNDEHSDVLPVLDVCSLKHVAYVFQALIYWIKAMNQQTTLDTPQLERKRTRELLELGIDNEDSEHENDDDTNQSATLNDKDDDSLPAETGQNHPFFRRSDSMTFLGCIPPNPFEVPLAEAIPLADQPHLLQPNARKEDLFGRPSQGLYSSSASSGKCLMEVTVDRNCLEVLPTKMSYAANLKNVMNMQNRQKKEGEEQPVLPEETESSKPGPSAHDLAAQLKSSLLAEIGLTESEGPPLTSFRPQCSFMGMVISHDMLLGRWRLSLELFGRVFMEDVGAEPGSILTELGGFEVKESKFRREMEKLRNQQSRDLSLEVDRDRDLLIQQTMRQLNNHFGRRCATTPMAVHRVKVTFKDEPGEGSGVARSFYTAIAQAFLSNEKLPNLECIQNANKGTHTSLMQRLRNRGERDREREREREMRRSSGLRAGSRRDRDRDFRRQLSIDTRPFRPASEGNPSDDPEPLPAHRQALGERLYPRVQAMQPAFASKITGMLLELSPAQLLLLLASEDSLRARVDEAMELIIAHGRENGADSILDLGLVDSSEKVQQENRKRHGSSRSVVDMDLDDTDDGDDNAPLFYQPGKRGFYTPRPGKNTEARLNCFRNIGRILGLCLLQNELCPITLNRHVIKVLLGRKVNWHDFAFFDPVMYESLRQLILASQSSDADAVFSAMDLAFAIDLCKEEGGGQVELIPNGVNIPVTPQNVYEYVRKYAEHRMLVVAEQPLHAMRKGLLDVLPKNSLEDLTAEDFRLLVNGCGEVNVQMLISFTSFNDESGENAEKLLQFKRWFWSIVEKMSMTERQDLVYFWTSSPSLPASEEGFQPMPSITIRPPDDQHLPTANTCISRLYVPLYSSKQILKQKLLLAIKTKNFGFV']"
66,ZNF568,P,ENSG00000198453,19q13.12,rs1667369 A/C,A,Q3ZCX4,"['>ENST00000333987 uniprot_id: Q3ZCX4 ensembl_id: ENST00000333987 gene_name: ZNF568 organism: Homo sapiens sequence_length: 644', 'MTSQSSVISNSCVTMERLSHMMERKAWCSQESALSEEEEDTTRPLETVTFKDVAVDLTQEEWEQMKPAQRNLYRDVMLENYSNLVTVGCQVTKPDVIFKLEQEEEPWVMEEEMFGRHCPEVWEVDEQIKKQQETLVRKVTSISKKILIKEKVIECKKVAKIFPLSSDIVTSRQSFYDCDSLDKGLEHNLDLLRYEKGCVREKQSNEFGKPFYHCASYVVTPFKCNQCGQDFSHKFDLIRHERIHAGEKPYECKECGKAFSRKENLITHQKIHTGEKPYKCNECGKAFIQMSNLIRHHRIHTGEKPYACKDCWKAFSQKSNLIEHERIHTGEKPYECKECGKSFSQKQNLIEHEKIHTGEKPYACNECGRAFSRMSSVTLHMRSHTGEKPYKCNKCGKAFSQCSVFIIHMRSHTGEKPYVCSECGKAFSQSSSLTVHMRNHTAEKPYECKECGKAFSRKENLITHQKIHTGEKPYECSECGKAFIQMSNLIRHQRIHTGEKPYACTVCGKAFSQKSNLTEHEKIHTGEKPYHCNQCGKAFSQRQNLLEHEKIHTGEKPFKCNECGKAFSRISSLTLHVRSHTGEKPYECNKCGKAFSQCSLLIIHMRSHTGEKPFECNECGKAFSQRASLSIHKRGHTGERHQVY']"
67,ABHD17C,S,ENSG00000136379,15q25.1,rs7165759 G/A,A,Q6PCB6,"['>ENST00000258884 uniprot_id: Q6PCB6 ensembl_id: ENST00000258884 gene_name: ABHD17C organism: Homo sapiens sequence_length: 329', 'MPEPGPRMNGFSLGELCWLFCCPPCPSRIAAKLAFLPPEPTYTVLAPEQRGAGASAPAPAQATAAAAAAQPAPQQPEEGAGAGPGACSLHLSERADWQYSQRELDAVEVFFSRTARDNRLGCMFVRCAPSSRYTLLFSHGNAVDLGQMCSFYIGLGSRINCNIFSYDYSGYGVSSGKPSEKNLYADIDAAWQALRTRYGVSPENIILYGQSIGTVPTVDLASRYECAAVILHSPLMSGLRVAFPDTRKTYCFDAFPSIDKISKVTSPVLVIHGTEDEVIDFSHGLAMYERCPRAVEPLWVEGAGHNDIELYAQYLERLKQFISHELPNS']"
68,ACTG1,S,ENSG00000184009,17q25.3,rs6565586 T/A,A,P63261,"['>ENST00000573283 uniprot_id: P63261 ensembl_id: ENST00000573283 gene_name: ACTG1 organism: Homo sapiens sequence_length: 375', 'MEEEIAALVIDNGSGMCKAGFAGDDAPRAVFPSIVGRPRHQGVMVGMGQKDSYVGDEAQSKRGILTLKYPIEHGIVTNWDDMEKIWHHTFYNELRVAPEEHPVLLTEAPLNPKANREKMTQIMFETFNTPAMYVAIQAVLSLYASGRTTGIVMDSGDGVTHTVPIYEGYALPHAILRLDLAGRDLTDYLMKILTERGYSFTTTAEREIVRDIKEKLCYVALDFEQEMATAASSSSLEKSYELPDGQVITIGNERFRCPEALFQPSFLGMESCGIHETTFNSIMKCDVDIRKDLYANTVLSGGTTMYPGIADRMQKEITALAPSTMKIKIIAPPERKYSVWIGGSILASLSTFQQMWISKQEYDESGPSIVHRKCF']"
69,ADCY3,S,ENSG00000138031,2p23.3,rs10203386 T/A,T,O60266,"['>ENST00000679454 uniprot_id: O60266 ensembl_id: ENST00000679454 gene_name: ADCY3 organism: Homo sapiens sequence_length: 1144', 'MPRNQGFSEPEYSAEYSAEYSVSLPSDPDRGVGRTHEISVRNSGSCLCLPRFMRLTFVPESLENLYQTYFKRQRHETLLVLVVFAALFDCYVVVMCAVVFSSDKLASLAVAGIGLVLDIILFVLCKKGLLPDRVTRRVLPYVLWLLITAQIFSYLGLNFARAHAASDTVGWQVFFVFSFFITLPLSLSPIVIISVVSCVVHTLVLGVTVAQQQQEELKGMQLLREILANVFLYLCAIAVGIMSYYMADRKHRKAFLEARQSLEVKMNLEEQSQQQENLMLSILPKHVADEMLKDMKKDESQKDQQQFNTMYMYRHENVSILFADIVGFTQLSSACSAQELVKLLNELFARFDKLAAKYHQLRIKILGDCYYCICGLPDYREDHAVCSILMGLAMVEAISYVREKTKTGVDMRVGVHTGTVLGGVLGQKRWQYDVWSTDVTVANKMEAGGIPGRVHISQSTMDCLKGEFDVEPGDGGSRCDYLEEKGIETYLIIASKPEVKKTATQNGLNGSALPNGAPASSKSSSPALIETKEPNGSAHSSGSTSEKPEEQDAQADNPSFPNPRRRLRLQDLADRVVDASEDEHELNQLLNEALLERESAQVVKKRNTFLLSMRFMDPEMETRYSVEKEKQSGAAFSCSCVVLLCTALVEILIDPWLMTNYVTFMVGEILLLILTICSLAAIFPRAFPKKLVAFSTWIDRTRWARNTWAMLAIFILVMANVVDMLSCLQYYTGPSNATAGMETEGSCLENPKYYNYVAVLSLIATIMLVQVSHMVKLTLMLLVAGAVATINLYAWRPVFDEYDHKRFREHDLPMVALEQMQGFNPGLNGTDRLPLVPSKYSMTVMVFLMMLSFYYFSRHVEKLARTLFLWKIEVHDQKERVYEMRRWNEALVTNMLPEHVARHFLGSKKRDEELYSQTYDEIGVMFASLPNFADFYTEESINNGGIECLRFLNEIISDFDSLLDNPKFRVITKIKTIGSTYMAASGVTPDVNTNGFASSNKEDKSERERWQHLADLADFALAMKDTLTNINNQSFNNFMLRIGMNKGGVLAGVIGARKPHYDIWGNTVNVASRMESTGVMGNIQVVEETQVILREYGFRFVRRGPIFVKGKGELLTFFLKGRDKLATFPNGPSVTLPHQVVDNS']"
70,ADPGK,S,ENSG00000159322,15q24.1,rs4776614 C/G,C,Q9BRR6,"['>ENST00000456471 uniprot_id: Q9BRR6 ensembl_id: ENST00000456471 gene_name: ADPGK organism: Homo sapiens sequence_length: 497', 'MALWRGSAYAGFLALAVGCVFLLEPELPGSALRSLWSSLCLGPAPAPPGPVSPEGRLAAAWDALIVRPVRRWRRVAVGVNACVDVVLSGVKLLQALGLSPGNGKDHSILHSRNDLEEAFIHFMGKGAAAERFFSDKETFHDIAQVASEFPGAQHYVGGNAALIGQKFAANSDLKVLLCGPVGPKLHELLDDNVFVPPESLQEVDEFHLILEYQAGEEWGQLKAPHANRFIFSHDLSNGAMNMLEVFVSSLEEFQPDLVVLSGLHMMEGQSKELQRKRLLEVVTSISDIPTGIPVHLELASMTNRELMSSIVHQQVFPAVTSLGLNEQELLFLTQSASGPHSSLSSWNGVPDVGMVSDILFWILKEHGRSKSRASDLTRIHFHTLVYHILATVDGHWANQLAAVAAGARVAGTQACATETIDTSRVSLRAPQEFMTSHSEAGSRIVLNPNKPVVEWHREGISFHFTPVLVCKDPIRTVGLGDAISAEGLFYSEVHPHY']"
71,ALDH2,S,ENSG00000111275,12q24.12,rs671 G/A,G,P05091,"['>ENST00000261733 uniprot_id: P05091 ensembl_id: ENST00000261733 gene_name: ALDH2 organism: Homo sapiens sequence_length: 517', 'MLRAAARFGPRLGRRLLSAAATQAVPAPNQQPEVFCNQIFINNEWHDAVSRKTFPTVNPSTGEVICQVAEGDKEDVDKAVKAARAAFQLGSPWRRMDASHRGRLLNRLADLIERDRTYLAALETLDNGKPYVISYLVDLDMVLKCLRYYAGWADKYHGKTIPIDGDFFSYTRHEPVGVCGQIIPWNFPLLMQAWKLGPALATGNVVVMKVAEQTPLTALYVANLIKEAGFPPGVVNIVPGFGPTAGAAIASHEDVDKVAFTGSTEIGRVIQVAAGSSNLKRVTLELGGKSPNIIMSDADMDWAVEQAHFALFFNQGQCCCAGSRTFVQEDIYDEFVERSVARAKSRVVGNPFDSKTEQGPQVDETQFKKILGYINTGKQEGAKLLCGGGIAADRGYFIQPTVFGDVQDGMTIAKEEIFGPVMQILKFKTIEEVVGRANNSTYGLAAAVFTKDLDKANYLSQALQAGTVWVNCYDVFGAQSPFGGYKMSGSGRELGEYGLQAYTEVKTVTVKVPQKNS']"
72,ANGPT2,S,ENSG00000091879,8p23.1,rs890022 G/A,A,O15123,"['>ENST00000629816 uniprot_id: O15123 ensembl_id: ENST00000629816 gene_name: ANGPT2 organism: Homo sapiens sequence_length: 496', 'MWQIVFFTLSCDLVLAAAYNNFRKSMDSIGKKQYQVQHGSCSYTFLLPEMDNCRSSSSPYVSNAVQRDAPLEYDDSVQRLQVLENIMENNTQWLMKLENYIQDNMKKEMVEIQQNAVQNQTAVMIEIGTNLLNQTAEQTRKLTDVEAQVLNQTTRLELQLLEHSLSTNKLEKQILDQTSEINKLQDKNSFLEKKVLAMEDKHIIQLQSIKEEKDQLQVLVSKQNSIIEELEKKIVTATVNNSVLQKQQHDLMETVNNLLTMMSTSNSAKDPTVAKEEQISFRDCAEVFKSGHTTNGIYTLTFPNSTEEIKAYCDMEAGGGGWTIIQRREDGSVDFQRTWKEYKVGFGNPSGEYWLGNEFVSQLTNQQRYVLKIHLKDWEGNEAYSLYEHFYLSSEELNYRIHLKGLTGTAGKISSISQPGNDFSTKDGDNDKCICKCSQMLTGGWWFDACGPSNLNGMYYPQRQNTNKFNGIKWYYWKGSGYSLKATTMMIRPADF']"
73,AR,S,ENSG00000169083,Xq12,(CAG)n,≥21,P10275,"['>ENST00000374690 uniprot_id: P10275 ensembl_id: ENST00000374690 gene_name: AR organism: Homo sapiens sequence_length: 920', 'MEVQLGLGRVYPRPPSKTYRGAFQNLFQSVREVIQNPGPRHPEAASAAPPGASLLLLQQQQQQQQQQQQQQQQQQQQQQQETSPRQQQQQQGEDGSPQAHRRGPTGYLVLDEEQQPSQPQSALECHPERGCVPEPGAAVAASKGLPQQLPAPPDEDDSAAPSTLSLLGPTFPGLSSCSADLKDILSEASTMQLLQQQQQEAVSEGSSSGRAREASGAPTSSKDNYLGGTSTISDNAKELCKAVSVSMGLGVEALEHLSPGEQLRGDCMYAPLLGVPPAVRPTPCAPLAECKGSLLDDSAGKSTEDTAEYSPFKGGYTKGLEGESLGCSGSAAAGSSGTLELPSTLSLYKSGALDEAAAYQSRDYYNFPLALAGPPPPPPPPHPHARIKLENPLDYGSAWAAAAAQCRYGDLASLHGAGAAGPGSGSPSAAASSSWHTLFTAEEGQLYGPCGGGGGGGGGGGGGGGGGGGGGGGEAGAVAPYGYTRPPQGLAGQESDFTAPDVWYPGGMVSRVPYPSPTCVKSEMGPWMDSYSGPYGDMRLETARDHVLPIDYYFPPQKTCLICGDEASGCHYGALTCGSCKVFFKRAAEGKQKYLCASRNDCTIDKFRRKNCPSCRLRKCYEAGMTLGARKLKKLGNLKLQEEGEASSTTSPTEETTQKLTVSHIEGYECQPIFLNVLEAIEPGVVCAGHDNNQPDSFAALLSSLNELGERQLVHVVKWAKALPGFRNLHVDDQMAVIQYSWMGLMVFAMGWRSFTNVNSRMLYFAPDLVFNEYRMHKSRMYSQCVRMRHLSQEFGWLQITPQEFLCMKALLLFSIIPVDGLKNQKFFDELRMNYIKELDRIIACKRKNPTSCSRRFYQLTKLLDSVQPIARELHQFTFDLLIKSHMVSVDFPEMMAEIISVQVPKILSGKVKPIYFHTQ']"
74,ARPP21,S,ENSG00000172995,3p22.3,rs1513475 T/C,C,Q9UBL0,"['>ENST00000684406 uniprot_id: Q9UBL0 ensembl_id: ENST00000684406 gene_name: ARPP21 organism: Homo sapiens sequence_length: 812', 'MSEQGDLNQAIAEEGGTEQETATPENGIVKSESLDEEEKLELQRRLEAQNQERRKSKSGA
GKGKLTRSLAVCEESSARPGGESLQDQESIHLQLSSFSSLQEEDKSRKDDSEREKEKDKN
KDKTSEKPKIRMLSKDCSQEYTDSTGIDLHEFLINTLKNNSRDRMILLKMEQEIIDFIAD
NNNHYKKFPQMSSYQRMLVHRVAAYFGLDHNVDQTGKSVIINKTSSTRIPEQRFCEHLKD
EKGEESQKRFILKRDNSSIDKEDNQQNRMHPFRDDRRSKSIEEREEEYQRVRERIFAHDS
VCSQESLFVENSRLLEDSNICNETYKKRQLFRGNRDGSGRTSGSRQSSSENELKWSDHQR
AWSSTDSDSSNRNLKPAMTKTASFGGITVLTRGDSTSSTRSTGKLSKAGSESSSSAGSSG
SLSRTHPPLQSTPLVSGVAAGSPGCVPYPENGIGGQVAPSSTSYILLPLEAATGIPPGSI
LLNPHTGQPFVNPDGTPAIYNPPTSQQPLRSAMVGQSQQQPPQQQPSPQPQQQVQPPQPQ
MAGPLVTQRDDVATQFGQMTLSRQSSGETPEPPSGPVYPSSLMPQPAQQPSYVIASTGQQ
LPTGGFSGSGPPISQQVLQPPPSPQGFVQQPPPAQMPVYYYPSGQYPTSTTQQYRPMAPV
QYNAQRSQQMPQAAQQAGYQPVLSGQQGFQGLIGVQQPPQSQNVINNQQGTPVQSVMVSY
PTMSSYQVPMTQGSQGLPQQSYQQPIMLPNQAGQGSLPATGMPVYCNVTPPTPQNNLRLI
GPHCPSSTVPVMSASCRTNCASMSNAGWQVKF']"
75,BCDIN3D,S,ENSG00000186666,12q13.12,rs12367809 C/T,C,Q7Z5W3,"['>ENST00000333924 uniprot_id: Q7Z5W3 ensembl_id: ENST00000333924 gene_name: BCDIN3D organism: Homo sapiens sequence_length: 292', 'MAVPTELDGGSVKETAAEEESRVLAPGAAPFGNFPHYSRFHPPEQRLRLLPPELLRQLFPESPENGPILGLDVGCNSGDLSVALYKHFLSLPDGETCSDASREFRLLCCDIDPVLVKRAEKECPFPDALTFITLDFMNQRTRKVLLSSFLSQFGRSVFDIGFCMSITMWIHLNHGDHGLWEFLAHLSSLCHYLLVEPQPWKCYRAAARRLRKLGLHDFDHFHSLAIRGDMPNQIVQILTQDHGMELICCFGNTSWDRSLLLFRAKQTIETHPIPESLIEKGKEKNRLSFQKQ']"
76,DHODH,S,ENSG00000102967,16q22.2,rs12599952 G/A,A,Q02127,"['>ENST00000219240 uniprot_id: Q02127 ensembl_id: ENST00000219240 gene_name: DHODH organism: Homo sapiens sequence_length: 395', 'MAWRHLKKRAQDAVIILGGGGLLFASYLMATGDERFYAEHLMPTLQGLLDPESAHRLAVRFTSLGLLPRARFQDSDMLEVRVLGHKFRNPVGIAAGFDKHGEAVDGLYKMGFGFVEIGSVTPKPQEGNPRPRVFRLPEDQAVINRYGFNSHGLSVVEHRLRARQQKQAKLTEDGLPLGVNLGKNKTSVDAAEDYAEGVRVLGPLADYLVVNVSSPNTAGLRSLQGKAELRRLLTKVLQERDGLRRVHRPAVLVKIAPDLTSQDKEDIASVVKELGIDGLIVTNTTVSRPAGLQGALRSETGGLSGKPLRDLSTQTIREMYALTQGRVPIIGVGGVSSGQDALEKIRAGASLVQLYTALTFWGPPVVGKVKRELEALLKEQGFGGVTDAIGADHRR']"
77,GBE1,S,ENSG00000114480,3p12.2,rs9877408 A/G,A,Q04446,"['>ENST00000429644 uniprot_id: Q04446 ensembl_id: ENST00000429644 gene_name: GBE1 organism: Homo sapiens sequence_length: 702', 'MAAPMTPAARPEDYEAALNAALADVPELARLLEIDPYLKPYAVDFQRRYKQFSQILKNIGENEGGIDKFSRGYESFGVHRCADGGLYCKEWAPGAEGVFLTGDFNGWNPFSYPYKKLDYGKWELYIPPKQNKSVLVPHGSKLKVVITSKSGEILYRISPWAKYVVREGDNVNYDWIHWDPEHSYEFKHSRPKKPRSLRIYESHVGISSHEGKVASYKHFTCNVLPRIKGLGYNCIQLMAIMEHAYYASFGYQITSFFAASSRYGTPEELQELVDTAHSMGIIVLLDVVHSHASKNSADGLNMFDGTDSCYFHSGPRGTHDLWDSRLFAYSSWEILRFLLSNIRWWLEEYRFDGFRFDGVTSMLYHHHGVGQGFSGDYSEYFGLQVDEDALTYLMLANHLVHTLCPDSITIAEDVSGMPALCSPISQGGGGFDYRLAMAIPDKWIQLLKEFKDEDWNMGDIVYTLTNRRYLEKCIAYAESHDQALVGDKSLAFWLMDAEMYTNMSVLTPFTPVIDRGIQLHKMIRLITHGLGGEGYLNFMGNEFGHPEWLDFPRKGNNESYHYARRQFHLTDDDLLRYKFLNNFDRDMNRLEERYGWLAAPQAYVSEKHEGNKIIAFERAGLLFIFNFHPSKSYTDYRVGTALPGKFKIVLDSDAAEYGGHQRLDHSTDFFSEAFEHNGRPYSLLVYIPSRVALILQNVDLPN']"
78,GBF1,S,ENSG00000107862,10q24.32,rs2273555 G/A,A,Q92538,"['>ENST00000369983 uniprot_id: Q92538 ensembl_id: ENST00000369983 gene_name: GBF1 organism: Homo sapiens sequence_length: 1860', 'MVDKNIYIIQGEINIVVGAIKRNARWSTHTPLDEERDPLLHSFGHLKEVLNSITELSEIEPNVFLRPFLEVIRSEDTTGPITGLALTSVNKFLSYALIDPTHEGTAEGMENMADAVTHARFVGTDPASDEVVLMKILQVLRTLLLTPVGAHLTNESVCEIMQSCFRICFEMRLSELLRKSAEHTLVDMVQLLFTRLPQFKEEPKNYVGTNMKKLKMRAGGMSDSSKWKKQKRSPRPPRHMTKVTPGSELPTPNGTTLSSNLTGGMPFIDVPTPISSASSEAASAVVSPSTDSGLEFSSQTTSKEDLTDLEQPGSPGYSTATEPGSSELGVPEQPDLQQEGTHVEKSQSASVESIPEVLEECTSPADHSDSASVHDMDYVNPRGVRFTQSSQKEGTALVPYGLPCIRELFRFLISLTNPHDRHNSEVMIHMGLHLLTVALESAPVAQCQTLLGLIKDEMCRHLFQLLSIERLNLYAASLRVCFLLFESMREHLKFQMEMYIKKLMEIITVENPKMPYEMKEMALEAIVQLWRIPSFVTELYINYDCDYYCSNLFEELTKLLSKNAFPVSGQLYTTHLLSLDALLTVIDSTEAHCQAKVLNSLTQQEKKETARPSCEIVDGTREASNTERTASDGKAVGMASDIPGLHLPGGGRLPPEHGKSGCSDLEEAVDSGADKKFARKPPRFSCLLPDPRELIEIKNKKKLLITGTEQFNQKPKKGIQFLQEKGLLTIPMDNTEVAQWLRENPRLDKKMIGEFVSDRKNIDLLESFVSTFSFQGLRLDEALRLYLEAFRLPGEAPVIQRLLEAFTERWMNCNGSPFANSDACFSLAYAVIMLNTDQHNHNVRKQNAPMTLEEFRKNLKGVNGGKDFEQDILEDMYHAIKNEEIVMPEEQTGLVRENYVWNVLLHRGATPEGIFLRVPTASYDLDLFTMTWGPTIAALSYVFDKSLEETIIQKAISGFRKCAMISAHYGLSDVFDNLIISLCKFTALSSESIENLPSVFGSNPKAHIAAKTVFHLAHRHGDILREGWKNIMEAMLQLFRAQLLPKAMIEVEDFVDPNGKISLQREETPSNRGESTVLSFVSWLTLSGPEQSSVRGPSTENQEAKRVALECIKQCDPEKMITESKFLQLESLQELMKALVSVTPDEETYDEEDAAFCLEMLLRIVLENRDRVGCVWQTVRDHLYHLCVQAQDFCFLVERAVVGLLRLAIRLLRREEISAQVLLSLRILLLMKPSVLSRVSHQVAYGLHELLKTNAANIHSGDDWATLFTLLECIGSGVKPPAALQATARADAPDAGAQSDSELPSYHQNDVSLDRGYTSDSEVYTDHGRPGKIHRSATDADVVNSGWLVVGKDDVDNSKPGPSRPGPSPLINQYSLTVGLDLGPHDTKSLLKCVESLSFIVRDAAHITPDNFELCVKTLRIFVEASLNGGCKSQEKRGKSHKYDSKGNRFKKKSKEGSMLRRPRTSSQHASRGGQSDDDEDEGVPASYHTVSLQVSQDLLDLMHTLHTRAASIYSSWAEEQRHLETGGQKIEADSRTLWAHCWCPLLQGIACLCCDARRQVRMQALTYLQRALLVHDLQKLDALEWESCFNKVLFPLLTKLLENISPADVGGMEETRMRASTLLSKVFLQHLSPLLSLSTFAALWLTILDFMDKYMHAGSSDLLSEAIPESLKNMLLVMDTAEIFHSADARGGGPSALWEITWERIDCFLPHLRDELFKQTVIQDPMPMEPQGQKPLASAHLTSAAGDTRTPGHPPPPEIPSELGACDFEKPESPRAASSSSPGSPVASSPSRLSPTPDGPPPLAQPPLILQPLASPLQVGVPPMTLPIILNPALIEATSPVPLLATPRPTDPIPTSEVN']"
79,GLIS3,S,ENSG00000107249,9p24.2,rs34706136 T/TG,TG,Q8NEA6,"['>ENST00000381971 uniprot_id: Q8NEA6 ensembl_id: ENST00000381971 gene_name: GLIS3 organism: Homo sapiens sequence_length: 775', 'MMVQRLGLISPPASQVSTACNQISPSLQRAMNAANLNIPPSDTRSLISRESLASTTLSLTESQSASSMKQEWSQGYRALPSLSNHGSQNGLDLGDLLSLPPGTSMSSNSVSNSLPSYLFGTESSHSPYPSPRHSSTRSHSARSKKRALSLSPLSDGIGIDFNTIIRTSPTSLVAYINGSRASPANLSPQPEVYGHFLGVRGSCIPQPRPVPGSQKGVLVAPGGLALPAYGEDGALEHERMQQLEHGGLQPGLVNHMVVQHGLPGPDSQSAGLFKTERLEEFPGSTVDLPPAPPLPPLPPPPGPPPPYHAHAHLHHPELGPHAQQLALPQATLDDDGEMDGIGGKHCCRWIDCSALYDQQEELVRHIEKVHIDQRKGEDFTCFWAGCPRRYKPFNARYKLLIHMRVHSGEKPNKCTFEGCEKAFSRLENLKIHLRSHTGEKPYLCQHPGCQKAFSNSSDRAKHQRTHLDTKPYACQIPGCTKRYTDPSSLRKHVKAHSSKEQQARKKLRSSTELHPDLLTDCLTVQSLQPATSPRDAAAEGTVGRSPGPGPDLYSAPIFSSNYSSRSGTAAGAVPPPHPVSHPSPGHNVQGSPHNPSSQLPPLTAVDAGAERFAPSAPSPHHISPRRVPAPSSILQRTQPPYTQQPSGSHLKSYQPETNSSFQPNGIHVHGFYGQLQKFCPPHYPDSQRIVPPVSSCSVVPSFEDCLVPTSMGQASFDVFHRAFSTHSGITVYDLPSSSSSLFGESLRSGAEDATFLQISTVDRCPSQLSSVYTEG']"
80,ITPR1,S,ENSG00000150995,3p26.1,rs901850 G/T,T,Q14643,"['>ENST00000649015 uniprot_id: Q14643 ensembl_id: ENST00000649015 gene_name: ITPR1 organism: Homo sapiens sequence_length: 2758', 'MSDKMSSFLHIGDICSLYAEGSTNGFISTLGLVDDRCVVQPETGDLNNPPKKFRDCLFKLCPMNRYSAQKQFWKAAKPGANSTTDAVLLNKLHHAADLEKKQNETENRKLLGTVIQYGNVIQLLHLKSNKYLTVNKRLPALLEKNAMRVTLDEAGNEGSWFYIQPFYKLRSIGDSVVIGDKVVLNPVNAGQPLHASSHQLVDNPGCNEVNSVNCNTSWKIVLFMKWSDNKDDILKGGDVVRLFHAEQEKFLTCDEHRKKQHVFLRTTGRQSATSATSSKALWEVEVVQHDPCRGGAGYWNSLFRFKHLATGHYLAAEVDPDFEEECLEFQPSVDPDQDASRSRLRNAQEKMVYSLVSVPEGNDISSIFELDPTTLRGGDSLVPRNSYVRLRHLCTNTWVHSTNIPIDKEEEKPVMLKIGTSPVKEDKEAFAIVPVSPAEVRDLDFANDASKVLGSIAGKLEKGTITQNERRSVTKLLEDLVYFVTGGTNSGQDVLEVVFSKPNRERQKLMREQNILKQIFKLLQAPFTDCGDGPMLRLEELGDQRHAPFRHICRLCYRVLRHSQQDYRKNQEYIAKQFGFMQKQIGYDVLAEDTITALLHNNRKLLEKHITAAEIDTFVSLVRKNREPRFLDYLSDLCVSMNKSIPVTQELICKAVLNPTNADILIETKLVLSRFEFEGVSSTGENALEAGEDEEEVWLFWRDSNKEIRSKSVRELAQDAKEGQKEDRDVLSYYRYQLNLFARMCLDRQYLAINEISGQLDVDLILRCMSDENLPYDLRASFCRLMLHMHVDRDPQEQVTPVKYARLWSEIPSEIAIDDYDSSGASKDEIKERFAQTMEFVEEYLRDVVCQRFPFSDKEKNKLTFEVVNLARNLIYFGFYNFSDLLRLTKILLAILDCVHVTTIFPISKMAKGEENKGNNDVEKLKSSNVMRSIHGVGELMTQVVLRGGGFLPMTPMAAAPEGNVKQAEPEKEDIMVMDTKLKIIEILQFILNVRLDYRISCLLCIFKREFDESNSQTSETSSGNSSQEGPSNVPGALDFEHIEEQAEGIFGGSEENTPLDLDDHGGRTFLRVLLHLTMHDYPPLVSGALQLLFRHFSQRQEVLQAFKQVQLLVTSQDVDNYKQIKQDLDQLRSIVEKSELWVYKGQGPDETMDGASGENEHKKTEEGNNKPQKHESTSSYNYRVVKEILIRLSKLCVQESASVRKSRKQQQRLLRNMGAHAVVLELLQIPYEKAEDTKMQEIMRLAHEFLQNFCAGNQQNQALLHKHINLFLNPGILEAVTMQHIFMNNFQLCSEINERVVQHFVHCIETHGRNVQYIKFLQTIVKAEGKFIKKCQDMVMAELVNSGEDVLVFYNDRASFQTLIQMMRSERDRMDENSPLMYHIHLVELLAVCTEGKNVYTEIKCNSLLPLDDIVRVVTHEDCIPEVKIAYINFLNHCYVDTEVEMKEIYTSNHMWKLFENFLVDICRACNNTSDRKHADSILEKYVTEIVMSIVTTFFSSPFSDQSTTLQTRQPVFVQLLQGVFRVYHCNWLMPSQKASVESCIRVLSDVAKSRAIAIPVDLDSQVNNLFLKSHSIVQKTAMNWRLSARNAARRDSVLAASRDYRNIIERLQDIVSALEDRLRPLVQAELSVLVDVLHRPELLFPENTDARRKCESGGFICKLIKHTKQLLEENEEKLCIKVLQTLREMMTKDRGYGEKLISIDELDNAELPPAPDSENATEELEPSPPLRQLEDHKRGEALRQVLVNRYYGNVRPSGRRESLTSFGNGPLSAGGPGKPGGGGGGSGSSSMSRGEMSLAEVQCHLDKEGASNLVIDLIMNASSDRVFHESILLAIALLEGGNTTIQHSFFCRLTEDKKSEKFFKVFYDRMKVAQQEIKATVTVNTSDLGNKKKDDEVDRDAPSRKKAKEPTTQITEEVRDQLLEASAATRKAFTTFRREADPDDHYQPGEGTQATADKAKDDLEMSAVITIMQPILRFLQLLCENHNRDLQNFLRCQNNKTNYNLVCETLQFLDCICGSTTGGLGLLGLYINEKNVALINQTLESLTEYCQGPCHENQNCIATHESNGIDIITALILNDINPLGKKRMDLVLELKNNASKLLLAIMESRHDSENAERILYNMRPKELVEVIKKAYMQGEVEFEDGENGEDGAASPRNVGHNIYILAHQLARHNKELQSMLKPGGQVDGDEALEFYAKHTAQIEIVRLDRTMEQIVFPVPSICEFLTKESKLRIYYTTERDEQGSKINDFFLRSEDLFNEMNWQKKLRAQPVLYWCARNMSFWSSISFNLAVLMNLLVAFFYPFKGVRGGTLEPHWSGLLWTAMLISLAIVIALPKPHGIRALIASTILRLIFSVGLQPTLFLLGAFNVCNKIIFLMSFVGNCGTFTRGYRAMVLDVEFLYHLLYLVICAMGLFVHEFFYSLLLFDLVYREETLLNVIKSVTRNGRSIILTAVLALILVYLFSIVGYLFFKDDFILEVDRLPNETAVPETGESLASEFLFSDVCRVESGENCSSPAPREELVPAEETEQDKEHTCETLLMCIVTVLSHGLRSGGGVGDVLRKPSKEEPLFAARVIYDLLFFFMVIIIVLNLIFGVIIDTFADLRSEKQKKEEILKTTCFICGLERDKFDNKTVTFEEHIKEEHNMWHYLCFIVLVKVKDSTEYTGPESYVAEMIKERNLDWFPRMRAMSLVSSDSEGEQNELRNLQEKLESTMKLVTNLSGQLSELKDQMTEQRKQKQRIGLLGHPPHMNVNPQQPA']"
81,KIF1B,S,ENSG00000054523,1p36.22,rs11121542 G/A,G,O60333,"['>ENST00000676179 uniprot_id: O60333 ensembl_id: ENST00000676179 gene_name: KIF1B organism: Homo sapiens sequence_length: 1816', 'MSGASVKVAVRVRPFNSRETSKESKCIIQMQGNSTSIINPKNPKEAPKSFSFDYSYWSHTSPEDPCFASQNRVYNDIGKEMLLHAFEGYNVCIFAYGQTGAGKSYTMMGKQEESQAGIIPQLCEELFEKINDNCNEEMSYSVEVSYMEIYCERVRDLLNPKNKGNLRVREHPLLGPYVEDLSKLAVTSYTDIADLMDAGNKARTVAATNMNETSSRSHAVFTIVFTQKKHDNETNLSTEKVSKISLVDLAGSERADSTGAKGTRLKEGANINKSLTTLGKVISALAEVDNCTSKSKKKKKTDFIPYRDSVLTWLLRENLGGNSRTAMVAALSPADINYDETLSTLRYADRAKQIKCNAVINEDPNAKLVRELKEEVTRLKDLLRAQGLGDIIDIDPLIDDYSGSGSKYLKDFQNNKHRYLLASENQRPGHFSTASMGSLTSSPSSCSLSSQVGLTSVTSIQERIMSTPGGEEAIERLKESEKIIAELNETWEEKLRKTEAIRMEREALLAEMGVAIREDGGTLGVFSPKKTPHLVNLNEDPLMSECLLYYIKDGITRVGQADAERRQDIVLSGAHIKEEHCIFRSERSNSGEVIVTLEPCERSETYVNGKRVSQPVQLRSGNRIIMGKNHVFRFNHPEQARAEREKTPSAETPSEPVDWTFAQRELLEKQGIDMKQEMEKRLQEMEILYKKEKEEADLLLEQQRLDYESKLQALQKQVETRSLAAETTEEEEEEEEVPWTQHEFELAQWAFRKWKSHQFTSLRDLLWGNAVYLKEANAISVELKKKVQFQFVLLTDTLYSPLPPELLPTEMEKTHEDRPFPRTVVAVEVQDLKNGATHYWSLEKLKQRLDLMREMYDRAGEMASSAQDESETTVTGSDPFYDRFHWFKLVGSSPIFHGCVNERLADRTPSPTFSTADSDITELADEQQDEMEDFDDEAFVDDAGSDAGTEEGSDLFSDGHDPFYDRSPWFILVGRAFVYLSNLLYPVPLIHRVAIVSEKGEVRGFLRVAVQAIAADEEAPDYGSGIRQSGTAKISFDNEYFNQSDFSSVAMTRSGLSLEELRIVEGQGQSSEVITPPEEISRINDLDLKSSTLLDGKMVMEGFSEEIGNHLKLGSAFTFRVTVLQASGILPEYADIFCQFNFLHRHDEAFSTEPLKNNGRGSPLAFYHVQNIAVEITESFVDYIKTKPIVFEVFGHYQQHPLHLQGQELNSPPQPCRRFFPPPMPLSKPVPATKLNTMSKTSLGQSMSKYDLLVWFEISELEPTGEYIPAVVDHTAGLPCQGTFLLHQGIQRRITVTIIHEKGSELHWKDVRELVVGRIRNKPEVDEAAVDAILSLNIISAKYLKSSHNSSRTFYRFEAVWDSSLHNSLLLNRVTPYGEKIYMTLSAYLELDHCIQPAVITKDVCMVFYSRDAKISPPRSLRSLFGSGYSKSPDSNRVTGIYELSLCKMSDTGSPGMQRRRRKILDTSVAYVRGEENLAGWRPRGDSLILEHQWELEKLELLHEVEKTRHFLLLRERLGDSIPKSLSDSLSPSLSSGTLSTSTSISSQISTTTFESAITPSESSGYDSGDIESLVDREKELATKCLQLLTHTFNREFSQVHGSVSDCKLSDISPIGRDPSESSFSSATLTPSSTCPSLVDSRSNSLDQKTPEANSRASSPCPEFEQFQIVPAVETPYLARAGKNEFLNLVPDIEEIRPSSVVSKKGYLHFKEPLYSNWAKHFVVVRRPYVFIYNSDKDPVERGIINLSTAQVEYSEDQQAMVKTPNTFAVCTKHRGVLLQALNDKDMNDWLYAFNPLLAGTIRSKLSRRCPSQSKY']"
82,LRPPRC,S,ENSG00000138095,2p21,rs10186876 A/G,A,P42704,"['>ENST00000260665 uniprot_id: P42704 ensembl_id: ENST00000260665 gene_name: LRPPRC organism: Homo sapiens sequence_length: 1394', 'MAALLRSARWLLRAGAAPRLPLSLRLLPGGPGRLHAASYLPAARAGPVAGGLLSPARLYAIAAKEKDIQEESTFSSRKISNQFDWALMRLDLSVRRTGRIPKKLLQKVFNDTCRSGGLGGSHALLLLRSCGSLLPELKLEERTEFAHRIWDTLQKLGAVYDVSHYNALLKVYLQNEYKFSPTDFLAKMEEANIQPNRVTYQRLIASYCNVGDIEGASKILGFMKTKDLPVTEAVFSALVTGHARAGDMENAENILTVMRDAGIEPGPDTYLALLNAYAEKGDIDHVKQTLEKVEKSELHLMDRDLLQIIFSFSKAGYPQYVSEILEKVTCERRYIPDAMNLILLLVTEKLEDVALQILLACPVSKEDGPSVFGSFFLQHCVTMNTPVEKLTDYCKKLKEVQMHSFPLQFTLHCALLANKTDLAKALMKAVKEEGFPIRPHYFWPLLVGRRKEKNVQGIIEILKGMQELGVHPDQETYTDYVIPCFDSVNSARAILQENGCLSDSDMFSQAGLRSEAANGNLDFVLSFLKSNTLPISLQSIRSSLLLGFRRSMNINLWSEITELLYKDGRYCQEPRGPTEAVGYFLYNLIDSMSDSEVQAKEEHLRQYFHQLEKMNVKIPENIYRGIRNLLESYHVPELIKDAHLLVESKNLDFQKTVQLTSSELESTLETLKAENQPIRDVLKQLILVLCSEENMQKALELKAKYESDMVTGGYAALINLCCRHDKVEDALNLKEEFDRLDSSAVLDTGKYVGLVRVLAKHGKLQDAINILKEMKEKDVLIKDTTALSFFHMLNGAALRGEIETVKQLHEAIVTLGLAEPSTNISFPLVTVHLEKGDLSTALEVAIDCYEKYKVLPRIHDVLCKLVEKGETDLIQKAMDFVSQEQGEMVMLYDLFFAFLQTGNYKEAKKIIETPGIRARSARLQWFCDRCVANNQVETLEKLVELTQKLFECDRDQMYYNLLKLYKINGDWQRADAVWNKIQEENVIPREKTLRLLAEILREGNQEVPFDVPELWYEDEKHSLNSSSASTTEPDFQKDILIACRLNQKKGAYDIFLNAKEQNIVFNAETYSNLIKLLMSEDYFTQAMEVKAFAETHIKGFTLNDAANSRLIITQVRRDYLKEAVTTLKTVLDQQQTPSRLAVTRVIQALAMKGDVENIEVVQKMLNGLEDSIGLSKMVFINNIALAQIKNNNIDAAIENIENMLTSENKVIEPQYFGLAYLFRKVIEEQLEPAVEKISIMAERLANQFAIYKPVTDFFLQLVDAGKVDDARALLQRCGAIAEQTPILLLFLLRNSRKQGKASTVKSVLELIPELNEKEEAYNSLMKSYVSEKDVTSAKALYEHLTAKNTKLDDLFLKRYASLLKYAGEPVPFIEPPESFEFYAQQLRKLRENSS']"
83,MLN,S,ENSG00000096395,6p21.31,rs12055409 A/G,G,P12872,"['>ENST00000430124 uniprot_id: P12872 ensembl_id: ENST00000430124 gene_name: MLN organism: Homo sapiens sequence_length: 115', 'MVSRKAVAALLVVHVAAMLASQTEAFVPIFTYGELQRMQEKERNKGQKKSLSVWQRSGEEGPVDPAEPIREEENEMIKLTAPLEIGMRMNSRQLEKYPATLEGLLSEMLPQHAAK']"
84,MMS22L,S,ENSG00000146263,6q16.1,rs9320823 T/C,T,Q6ZRQ5,"['>ENST00000683635 uniprot_id: Q6ZRQ5 ensembl_id: ENST00000683635 gene_name: MMS22L organism: Homo sapiens sequence_length: 1243', 'MENCSAASTFLTDSLELELGTEWCKPPYFSCAVDNRGGGKHFSGESYLCSGALKRLILNLDPLPTNFEEDTLEIFGIQWVTETALVNSSRELFHLFRQQLYNLETLLQSSCDFGKVSTLHCKADNIRQQCVLFLHYVKVFIFRYLKVQNAESHVPVHPYEALEAQLPSVLIDELHGLLLYIGHLSELPSVNIGAFVNQNQIKLFPPSWHLLHLHLDIHWLVLEILYMLGEKLKQVVYGHQFMNLASDNLTNISLFEEHCETLLCDLISLSLNRYDKVRSSESLMSDQCPCLCIKELWVLLIHLLDHRSKWFVSESFWNWLNKLLKTLLEKSSDRRRSSMPVIQSRDPLGFSWWIITHVASFYKFDRHGVPDEMRKVESNWNFVEELLKKSISVQGVILEEQLRMYLHCCLTLCDFWEPNIAIVTILWEYYSKNLNSSFSISWLPFKGLANTMKSPLSMLEMVKTCCCDKQDQELYKSSSSYTIFLCILAKVVKKAMKSNGPHPWKQVKGRIYSKFHQKRMEELTEVGLQNFFSLFLLLAAVAEVEDVASHVLDLLNFLKPAFVTSQRALIWKGHMAFLLMYAQKNLDIGVLAEKFSCAFREKAKEFLVSKNEEMVQRQTIWTLLSIYIDGVQEVFETSYCLYPSHEKLLNDGFSMLLRACRESELRTVLSFLQAVLARIRSMHQQLCQELQRDNVDLFVQSSLSAKERHLAAVASALWRHFFSFLKSQRMSQVVPFSQLADAAADFTLLAMDMPSTAPSDFQPQPVISIIQLFGWDDIICPQVVARYLSHVLQNSTLCEALSHSGYVSFQALTVRSWIRCVLQMYIKNLSGPDDLLIDKNLEEAVEKEYMKQLVKLTRLLFNLSEVKSIFSKAQVEYLSISEDPKKALVRFFEAVGVTYGNVQTLSDKSAMVTKSLEYLGEVLKYIKPYLGKKVFSAGLQLTYGMMGILVKSWAQIFATSKAQKLLFRIIDCLLLPHAVLQQEKELPAPMLSAIQKSLPLYLQGMCIVCCQSQNPNAYLNQLLGNVIEQYIGRFLPASPYVSDLGQHPVLLALRNTATIPPISSLKKCIVQVIRKSYLEYKGSSPPPRLASILAFILQLFKETNTDIYEVELLLPGILKCLVLVSEPQVKRLATENLQYMVKACQVGSEEEPSSQLTSVFRQFIQDYGMRYYYQVYSILETVATLDQQVVIHLISTLTQSLKDSEQKWGLGRNIAQREAYSKLLSHLGQMGQDEMQRLENDNT']"
85,NPIPB6,S,ENSG00000198156,16p12.1,rs2726036 A/C,A,E9PJ23,"['>ENST00000695563 uniprot_id: E9PJ23 ensembl_id: ENST00000695563 gene_name: NPIPB6 organism: Homo sapiens sequence_length: 425', 'MVKLSIVLTPQFLSHDQSQLTKELQQHVKSVTCPCEYLRKVINSLAVYRHRETDFGVGVRDHPGQHGKTPSPQKLDNLIIIIIGFLRRYTFNILFCTSCLCVSFLKTIFWSRNGHDGSMDVQQRAWRSNRSRQKGLRSICMHTKKRVSSFRGNKIGLKDVITLRRHVETKVRAKIRKRKVTTKINRHDKINGKRKTARKQKMFQRAQELRRRAEDYHKCKIPPSARKPLCNWVRMVAAEHRHSSGLPYWPYLTAETLKNRMGRQPPPPTQQHSITDNSLSLKTPTECLLTPLPPSVDDNIKECPLAPLPPSPLPPSVDDNLKECLFVPLPPSPLPPSVDDNLKTPPLATQEAEVEKPPKPKRWRVDEVEQSPKPKRRRVDEVEQSPKPKRQREAEAQQLPKPKRRRLSKLRTRHCTQAWAIRINP']"
86,PHACTR1,S,ENSG00000112137,6p24.1,rs6905419 C/T,C,Q9C0D0,"['>ENST00000332995 uniprot_id: Q9C0D0 ensembl_id: ENST00000332995 gene_name: PHACTR1 organism: Homo sapiens sequence_length: 580', 'MDYPKMDYFLDVESAHRLLDVESAQRFFYSQGAQARRATLLLPPTLMAASSEDDIDRRPIRRVRSKSDTPYLAEARISFNLGAAEEVERLAAMRSDSLVPGTHTPPIRRRSKFANLGRIFKPWKWRKKKSEKFKHTSAALERKISMRQSREELIKRGVLKEIYDKDGELSISNEEDSLENGQSLSSSQLSLPALSEMEPVPMPRDPCSYEVLQPSDIMDGPDPGAPVKLPCLPVKLSPPLPPKKVMICMPVGGPDLSLVSYTAQKSGQQGVAQHHHTVLPSQIQHQLQYGSHGQHLPSTTGSLPMHPSGCRMIDELNKTLAMTMQRLESSEQRVPCSTSYHSSGLHSGDGVTKAGPMGLPEIRQVPTVVIECDDNKENVPHESDYEDSSCLYTREEEEEEEDEDDDSSLYTSSLAMKVCRKDSLAIKLSNRPSKRELEEKNILPRQTDEERLELRQQIGTKLTRRLSQRPTAEELEQRNILKPRNEQEEQEEKREIKRRLTRKLSQRPTVEELRERKILIRFSDYVEVADAQDYDRRADKPWTRLTAADKAAIRKELNEFKSTEMEVHELSRHLTRFHRP']"
87,PLEKHB1,S,ENSG00000021300,11q13.4,rs7128512 A/G,G,Q9UF11,"['>ENST00000354190 uniprot_id: Q9UF11 ensembl_id: ENST00000354190 gene_name: PLEKHB1 organism: Homo sapiens sequence_length: 243', 'MSPAAPVPPDSALESPFEEMALVRGGWLWRQSSILRRWKRNWFALWLDGTLGYYHDETAQDEEDRVLIHFNVRDIKIGPECHDVQPPEGRSRDGLLTVNLREGGRLHLCAETKDDALAWKTALLEANSTPAPAGATVPPRSRRVCSKVRCVTRSWSPCKVERRIWVRVYSPYQDYYEVVPPNAHEATYVRSYYGPPYAGPGVTHVIVREDPCYSAGAPLAMGMLAGAATGAALGSLMWSPCWF']"
88,R3HDM1,S,ENSG00000048991,2q21.3,rs6759321 G/T,T,Q15032,"['>ENST00000683871 uniprot_id: Q15032 ensembl_id: ENST00000683871 gene_name: R3HDM1 organism: Homo sapiens sequence_length: 1099', 'MRMSDTVTVKDETATMKDLEAEVKDTTRVENLIKSENYGKILVEKNEHCIENNIDLQRPL
QSFGQTGKRSKSSSKLKLVRSLAVCEESPPPPAPEISQENQEKIQIQLTQSFEKEEKPSK
DEAEKEKASDKLPRKMLSRDSSQEYTDSTGIDLHEFLVNTLKNNPRDRMMLLKLEQEILD
FIGNNESPRKKFPPMTSYHRMLLHRVAAYFGLDHNVDQSGKSVIVNKTSNTRIPDQKFNE
HIKDDKGEDFQKRYILKRDNSSFDKDDNQMRIRLKDDRRSKSIEEREEEYQRARDRIFSQ
DSLCSQENYIIDKRLQDEDASSTQQRRQIFRVNKDASGRSTNSHQSSTENELKYSEPRPW
SSTDSDSSLRNLKPAVTKASSFSGISVLTRGDSSGSSKSIGRLSKTGSESSGSVGSSTGS
LSHIQQPLPGTALSQSSHGAPVVYPTVSTHSSLSFDGGLNGQVASPSTSFFLLPLEAAGI
PPGSILINPQTGQPFINPDGSPVVYNPPMTQQPVRSQVPGPPQPPLPAPPQQPAANHIFS
QDNLGSQFSHMSLARQPSADGSDPHAAMFQSTVVLQSPQQSGYIMTAAPPPHPPPPPPPP
PPPPPLPPGQPVPTAGYPASGHPVSQPVLQQQGYIQQPSPQMPACYCAPGHYHSSQPQYR
PVPSVHYNSHLNQPLPQPAQQTGYQVIPNQQQNYQGIVGVQQPQSQSLVSGQPNSIGNQI
QGVVIPYTSVPTYQVSLPQGSQGIPHQTYQQPVMFPNQSNQGSMPTTGMPVYYSVIPPGQ
QNNLSSSVGYLQHPGSEQVQFPRTTSPCSSQQLQGHQCTAGPPPPPGGGMVMMQLSVPNN
PQSCAHSPPQWKQNKYYCDHQRGQKCVEFSSVDNIVQHSPQLSSPIISPAQSPAPAQLST
LKTVRPSGPPLSIMPQFSRPFVPGQGDSRYPLLGQPLQYNPPAVLHGHIPNQQGQPGSRH
GNRGRRQAKKAASTDLGAGETVVGKVLEITELPDGITRMEAEKLFGELFKIGAKIRWLRD
PQSQPRRHPLCCGSGDNTANPERSKPSDLASTYTVLATFPSISAAQNALKKQINSVNKFK
LRTSKKHYDFHILERASSQ']"
89,RASGRF1,S,ENSG00000058335,15q25.1,rs1521624 C/A,A,Q13972,"['>ENST00000558480 uniprot_id: Q13972 ensembl_id: ENST00000558480 gene_name: RASGRF1 organism: Homo sapiens sequence_length: 1273', 'MQKGIRLNDGHVASLGLLARKDGTRKGYLSKRSSDNTKWQTKWFALLQNLLFYFESDSSSRPSGLYLLEGCVCDRAPSPKPALSAKEPLEKQHYFTVNFSHENQKALELRTEDAKDCDEWVAAIAHASYRTLATEHEALMQKYLHLLQIVETEKTVAKQLRQQIEDGEIEIERLKAEITSLLKDNERIQSTQTVAPNDEDSDIKKIKKVQSFLRGWLCRRKWKTIIQDYIRSPHADSMRKRNQVVFSMLEAEAEYVQQLHILVNNFLRPLRMAASSKKPPITHDDVSSIFLNSETIMFLHQIFYQGLKARISSWPTLVLADLFDILLPMLNIYQEFVRNHQYSLQILAHCKQNRDFDKLLKHYEAKPDCEERTLETFLTYPMFQIPRYILTLHELLAHTPHEHVERNSLDYAKSKLEELSRIMHDEVSETENIRKNLAIERMIIEGCEILLDTSQTFVRQGSLIQVPMSEKGKITRGRLGSLSLKKEGERQCFLFSKHLIICTRGSGGKLHLTKNGVISLIDCTLLEEPESTEEEAKGSGQDIDHLDFKIGVEPKDSPPFTVILVASSRQEKAAWTSDISQCVDNIRCNGLMMNAFEENSKVTVPQMIKRTREGTREAEMSRSDASLYCDDVDIRFSKTMNSCKVLQIRYASVERLLERLTDLRFLSIDFLNTFLHSYRVFTTAIVVLDKLITIYKKPISAIPARWLRSLELLFASGQNNKLLYGEPPKSPRATRKFSSPPPLSITKTSSPSRRRKLSLNIPIITGGKALDLAALSCNSNGYTSMYSAMSPFSKATLDTSKLYVSSSFTNKIPDEGDTTPEKPEDPSALSKQSSEVSMREESDIDQNQSDDGDTETSPTKSPTTPKSVKNKNSSEFPLFSYNNGVVMTSCRELDNNRSALSAASAFAIATAGANEGTPNKEKYRRMSLASAGFPPDQRNGDKEFVIRRAATNRVLNVLRHWVSKHSQDFETNDELKCKVIGFLEEVMHDPELLTQERKAAANIIRTLTQEDPGDNQITLEEITQMAEGVKAEPFENHSALEIAEQLTLLDHLVFKKIPYEEFFGQGWMKLEKNERTPYIMKTTKHFNDISNLIASEIIRNEDINARVSAIEKWVAVADICRCLHNYNAVLEITSSMNRSAIFRLKKTWLKVSKQTKALIDKLQKLVSSEGRFKNLREALKNCDPPCVPYLGMYLTDLAFIEEGTPNYTEDGLVNFSKMRMISHIIREIRQFQQTAYKIEHQAKVTQYLLDQSFVMDEESLYESSLRIEPKLPT']"
90,RMC1,S,ENSG00000141452,18q11.2,rs303760 C/T,C,Q96DM3,"['>ENST00000269221 uniprot_id: Q96DM3 ensembl_id: ENST00000269221 gene_name: RMC1 organism: Homo sapiens sequence_length: 657', 'MGEEDYYLELCERPVQFEKANPVNCVFFDEANKQVFAVRSGGATGVVVKGPDDRNPISFRMDDKGEVKCIKFSLENKILAVQRTSKTVDFCNFIPDNSQLEYTQECKTKNANILGFCWTSSTEIVFITDQGIEFYQVLPEKRSLKLLKSHNLNVNWYMYCPESAVILLSTTVLENVLQPFHFRAGTMSKLPKFEIELPAAPKSTKPSLSERDIAMATIYGQLYVLFLRHHSRTSNSTGAEVVLYHLPREGACKKMHILKLNRTGKFALNVVDNLVVVHHQDTETSVIFDIKLRGEFDGSVTFHHPVLPARSIQPYQIPITGPAAVTSQSPVPCKLYSSSWIVFQPDIIISASQGYLWNLQVKLEPIVNLLPDKGRLMDFLLQRKECKMVILSVCSQMLSESDRASLPVIATVFDKLNHEYKKYLDAEQSYAMAVEAGQSRSSPLLKRPVRTQAVLDQSDVYTHVLSAFVEKKEMPHKFVIAVLMEYIRSLNQFQIAVQHYLHELVIKTLVQHNLFYMLHQFLQYHVLSDSKPLACLLLSLESFYPPAHQLSLDMLKRLSTANDEIVEVLLSKHQVLAALRFIRGIGGHDNISARKFLDAAKQTEDNMLFYTIFRFFEQRNQRLRGSPNFTPGEHCEEHVAFFKQIFGDQALMRPTTF']"
91,TFAP2D,S,ENSG00000008197,6p12.3,rs56068671 G/T,T,Q7Z6R9,"['>ENST00000008391 uniprot_id: Q7Z6R9 ensembl_id: ENST00000008391 gene_name: TFAP2D organism: Homo sapiens sequence_length: 452', 'MSTTFPGLVHDAEIRHDGSNSYRLMQLGCLESVANSTVAYSSSSPLTYSTTGTEFASPYFSTNHQYTPLHHQSFHYEFQHSHPAVTPDAYSLNSLHHSQQYYQQIHHGEPTDFINLHNARALKSSCLDEQRRELGCLDAYRRHDLSLMSHGSQYGMHPDQRLLPGPSLGLAAAGADDLQGSVEAQCGLVLNGQGGVIRRGGTCVVNPTDLFCSVPGRLSLLSSTSKYKVTIAEVKRRLSPPECLNASLLGGILRRAKSKNGGRCLREKLDRLGLNLPAGRRKAANVTLLTSLVEGEALHLARDFGYTCETEFPAKAVGEHLARQHMEQKEQTARKKMILATKQICKEFQDLLSQDRSPLGSSRPTPILDLDIQRHLTHFSLITHGFGTPAICAALSTFQTVLSEMLNYLEKHTTHKNGGAADSGQGHANSEKAPLRKTSEAAVKEGKTEKTD']"
92,ZKSCAN5,S,ENSG00000196652,7q22.1,rs3843540 T/C,C,Q9Y2L8,"['>ENST00000326775 uniprot_id: Q9Y2L8 ensembl_id: ENST00000326775 gene_name: ZKSCAN5 organism: Homo sapiens sequence_length: 839', 'MIMTESREVIDLDPPAETSQEQEDLFIVKVEEEDCTWMQEYNPPTFETFYQRFRHFQYHEASGPREALSQLRVLCCEWLRPELHTKEQILELLVLEQFLTILPEEFQPWVREHHPESGEEAVAVIENIQRELEERRQQIVACPDVLPRKMATPGAVQESCSPHPLTVDTQPEQAPQKPRLLEENALPVLQVPSLPLKDSQELTASLLSTGSQKLVKIEEVADVAVSFILEEWGHLDQSQKSLYRDDRKENYGSITSMGYESRDNMELIVKQISDDSESHWVAPEHTERSVPQDPDFAEVSDLKGMVQRWQVNPTVGKSRQNPSQKRDLDAITDISPKQSTHGERGHRCSDCGKFFLQASNFIQHRRIHTGEKPFKCGECGKSYNQRVHLTQHQRVHTGEKPYKCQVCGKAFRVSSHLVQHHSVHSGERPYGCNECGKNFGRHSHLIEHLKRHFREKSQRCSDKRSKNTKLSVKKKISEYSEADMELSGKTQRNVSQVQDFGEGCEFQGKLDRKQGIPMKEILGQPSSKRMNYSEVPYVHKKSSTGERPHKCNECGKSFIQSAHLIQHQRIHTGEKPFRCEECGKSYNQRVHLTQHQRVHTGEKPYTCPLCGKAFRVRSHLVQHQSVHSGERPFKCNECGKGFGRRSHLAGHLRLHSREKSHQCRECGEIFFQYVSLIEHQVLHMGQKNEKNGICEEAYSWNLTVIEDKKIELQEQPYQCDICGKAFGYSSDLIQHYRTHTAEKPYQCDICRENVGQCSHTKQHQKIYSSTKSHQCHECGRGFTLKSHLNQHQRIHTGEKPFQCKECGMNFSWSCSLFKHLRSHERTDPINTLSVEGSLL']"
93,ZNF608,S,ENSG00000168916,5q23.2,rs4626333 G/A,G,Q9ULD9,"['>ENST00000513986 uniprot_id: Q9ULD9 ensembl_id: ENST00000513986 gene_name: ZNF608 organism: Homo sapiens sequence_length: 1512', 'MSVNISTAGKGVDPNTVDTYDSGDDWEIGVGNLIIDLDADLEKDRQKFEMNNSTTTTSSSNSKDCGGPASSGAGATAALADGLKFASVQASAPQGNSHKETSKSKVKRSKTSKDANKSLPSAALYGIPEISSTGKRQEVQGRPGEATGMNSALGQSVSSGGSGNPNSNSTSTSTSAATAGAGSCGKSKEEKPGKSQSSRGAKRDKDAGKSRKDKHDLLQGHQNGSGSQAPSGGHLYGFGAKSNGGGASPFHCGGTGSGSVAAAGEVSKSAPDSGLMGNSMLVKKEEEEEESHRRIKKLKTEKVDPLFTVPAPPPPISSSLTPQILPSYFSPSSSNIAAPVEQLLVRTRSVGVNTCEVGVVTEPECLGPCEPGTSVNLEGIVWHETEEGVLVVNVTWRNKTYVGTLLDCTKHDWAPPRFCESPTSDLEMRGGRGRGKRARSAAAAPGSEASFTESRGLQNKNRGGANGKGRRGSLNASGRRTPPNCAAEDIKASPSSTNKRKNKPPMELDLNSSSEDNKPGKRVRTNSRSTPTTPQGKPETTFLDQGCSSPVLIDCPHPNCNKKYKHINGLRYHQAHAHLDPENKLEFEPDSEDKISDCEEGLSNVALECSEPSTSVSAYDQLKAPASPGAGNPPGTPKGKRELMSNGPGSIIGAKAGKNSGKKKGLNNELNNLPVISNMTAALDSCSAADGSLAAEMPKLEAEGLIDKKNLGDKEKGKKATNCKTDKNLSKLKSARPIAPAPAPTPPQLIAIPTATFTTTTTGTIPGLPSLTTTVVQATPKSPPLKPIQPKPTIMGEPITVNPALVSLKDKKKKEKRKLKDKEGKETGSPKMDAKLGKLEDSKGASKDLPGHFLKDHLNKNEGLANGLSESQESRMASIKAEADKVYTFTDNAPSPSIGSASRLECSTLVNGQAPMAPLHVLTQNGAESSAAKTSSPAYSDISDAADDGGSDSRSEGMRSKASSPSDIISSKDSVVKGHSSTTAQSSQLKESHSPYYHSYDPYYSPSYMHPGQVGAPAAGNSGSTQGMKIKKESEEDAEKKDKAEQLDSKKVDHNSASLQPQHQSVITQRHPALAQSLYYGQYAYGLYMDQKSLMATSPAYRQQYEKYYEDQRLAEQKMAQTGRGDCERKSELPLKELGKEETKQKNMPSATISKAPSTPEPNKNHSKLGPSVPNKTEETGKSQLLSNHQQQLQADSFKAKQMENHQLIKEAVEMKSVMDSMKQTGVDPTSRFKQDPDSRTWHHYVYQPKYLDQQKSEELDREKKLKEDSPRKTPNKESGVPSLPVSLTSIKEEPKEAKHPDSQSMEESKLKNDDRKTPVNWKDSRGTRVAVSSPMSQHQSYIQYLHAYPYPQMYDPSHPAYRAVSPVLMHSYPGAYLSPGFHYPVYGKMSGREETEKVNTSPSVNTKTTTESKALDLLQQHANQYRSKSPAPVEKATAEREREAERERDRHSPFGQRHLHTHHHTHVGMGYPLIPGQYDPFQGLTSAALVASQQVAAQASASGMFPGQRRE']"
